location_id,latitude,longitude,elevation,utc_offset_seconds,timezone,timezone_abbreviation
0,35.676624,51.42857,1183.0,0,GMT,GMT
1,34.622143,50.909092,933.0,0,GMT,GMT
2,37.293495,49.53581,4.0,0,GMT,GMT

location_id,time,sunrise (iso8601),sunset (iso8601),precipitation_sum (mm),rain_sum (mm),snowfall_sum (cm),temperature_2m_max (°C),temperature_2m_min (°C),temperature_2m_mean (°C),daylight_duration (s)
0,2022-09-23,2022-09-23T02:22,2022-09-23T14:30,0.00,0.00,0.00,33.4,21.6,27.9,43635.36
0,2022-09-24,2022-09-24T02:23,2022-09-24T14:29,0.00,0.00,0.00,34.8,20.0,28.3,43501.20
0,2022-09-25,2022-09-25T02:24,2022-09-25T14:27,0.00,0.00,0.00,35.0,20.1,27.7,43366.65
0,2022-09-26,2022-09-26T02:25,2022-09-26T14:26,0.00,0.00,0.00,31.7,16.8,25.2,43231.82
0,2022-09-27,2022-09-27T02:26,2022-09-27T14:24,0.00,0.00,0.00,31.8,19.9,26.1,43096.78
0,2022-09-28,2022-09-28T02:26,2022-09-28T14:23,0.00,0.00,0.00,33.0,19.5,26.6,42961.62
0,2022-09-29,2022-09-29T02:27,2022-09-29T14:21,0.00,0.00,0.00,34.0,19.9,27.4,42826.42
0,2022-09-30,2022-09-30T02:28,2022-09-30T14:20,0.00,0.00,0.00,34.1,20.4,28.0,42691.27
0,2022-10-01,2022-10-01T02:29,2022-10-01T14:18,0.00,0.00,0.00,30.0,19.4,25.2,42556.26
0,2022-10-02,2022-10-02T02:29,2022-10-02T14:17,0.00,0.00,0.00,27.2,18.5,22.9,42421.47
0,2022-10-03,2022-10-03T02:30,2022-10-03T14:15,0.00,0.00,0.00,29.3,16.7,23.5,42287.00
0,2022-10-04,2022-10-04T02:31,2022-10-04T14:14,0.00,0.00,0.00,31.2,18.1,24.8,42152.91
0,2022-10-05,2022-10-05T02:32,2022-10-05T14:13,0.00,0.00,0.00,31.5,17.2,24.7,42019.32
0,2022-10-06,2022-10-06T02:33,2022-10-06T14:11,0.00,0.00,0.00,29.9,17.2,24.1,41886.29
0,2022-10-07,2022-10-07T02:34,2022-10-07T14:10,0.00,0.00,0.00,28.1,19.3,23.5,41753.93
0,2022-10-08,2022-10-08T02:34,2022-10-08T14:08,0.00,0.00,0.00,26.2,14.2,21.0,41622.33
0,2022-10-09,2022-10-09T02:35,2022-10-09T14:07,0.00,0.00,0.00,26.6,14.2,21.1,41491.57
0,2022-10-10,2022-10-10T02:36,2022-10-10T14:06,0.00,0.00,0.00,28.1,14.9,22.1,41361.57
0,2022-10-11,2022-10-11T02:37,2022-10-11T14:04,0.00,0.00,0.00,28.7,15.4,22.6,41231.36
0,2022-10-12,2022-10-12T02:38,2022-10-12T14:03,0.00,0.00,0.00,26.6,15.7,21.6,41100.83
0,2022-10-13,2022-10-13T02:39,2022-10-13T14:02,0.00,0.00,0.00,26.1,14.3,20.7,40970.11
0,2022-10-14,2022-10-14T02:39,2022-10-14T14:00,0.00,0.00,0.00,27.4,14.7,21.8,40839.27
0,2022-10-15,2022-10-15T02:40,2022-10-15T13:59,0.00,0.00,0.00,29.3,16.1,22.7,40708.43
0,2022-10-16,2022-10-16T02:41,2022-10-16T13:58,0.00,0.00,0.00,30.2,16.3,23.5,40577.68
0,2022-10-17,2022-10-17T02:42,2022-10-17T13:56,0.00,0.00,0.00,29.9,17.0,23.6,40447.13
0,2022-10-18,2022-10-18T02:43,2022-10-18T13:55,0.00,0.00,0.00,27.8,13.8,21.4,40316.88
0,2022-10-19,2022-10-19T02:44,2022-10-19T13:54,0.00,0.00,0.00,23.4,12.5,18.7,40187.03
0,2022-10-20,2022-10-20T02:45,2022-10-20T13:53,0.00,0.00,0.00,24.8,11.8,19.7,40057.70
0,2022-10-21,2022-10-21T02:46,2022-10-21T13:51,0.00,0.00,0.00,26.2,15.1,21.0,39928.97
0,2022-10-22,2022-10-22T02:46,2022-10-22T13:50,0.00,0.00,0.00,26.2,14.9,20.6,39800.98
0,2022-10-23,2022-10-23T02:47,2022-10-23T13:49,0.00,0.00,0.00,23.8,13.7,19.1,39673.82
0,2022-10-24,2022-10-24T02:48,2022-10-24T13:48,0.40,0.40,0.00,26.1,13.5,19.4,39547.61
0,2022-10-25,2022-10-25T02:49,2022-10-25T13:47,0.00,0.00,0.00,24.6,12.9,18.6,39422.48
0,2022-10-26,2022-10-26T02:50,2022-10-26T13:45,0.00,0.00,0.00,21.8,11.4,16.8,39298.52
0,2022-10-27,2022-10-27T02:51,2022-10-27T13:44,0.00,0.00,0.00,23.8,11.3,18.2,39175.86
0,2022-10-28,2022-10-28T02:52,2022-10-28T13:43,0.00,0.00,0.00,25.1,14.7,19.9,39054.62
0,2022-10-29,2022-10-29T02:53,2022-10-29T13:42,0.00,0.00,0.00,23.7,12.3,18.1,38934.94
0,2022-10-30,2022-10-30T02:54,2022-10-30T13:41,0.00,0.00,0.00,21.3,10.2,16.2,38816.73
0,2022-10-31,2022-10-31T02:55,2022-10-31T13:40,0.20,0.20,0.00,22.8,11.0,16.9,38698.92
0,2022-11-01,2022-11-01T02:56,2022-11-01T13:39,2.30,2.30,0.00,21.1,9.5,15.7,38581.44
0,2022-11-02,2022-11-02T02:57,2022-11-02T13:38,0.00,0.00,0.00,19.9,7.4,13.6,38464.40
0,2022-11-03,2022-11-03T02:58,2022-11-03T13:37,0.10,0.10,0.00,18.6,8.1,12.7,38347.91
0,2022-11-04,2022-11-04T02:59,2022-11-04T13:36,0.00,0.00,0.00,19.1,5.9,13.2,38232.11
0,2022-11-05,2022-11-05T03:00,2022-11-05T13:35,0.10,0.10,0.00,19.2,7.5,13.0,38117.11
0,2022-11-06,2022-11-06T03:01,2022-11-06T13:34,0.00,0.00,0.00,18.8,7.4,12.9,38003.04
0,2022-11-07,2022-11-07T03:02,2022-11-07T13:33,0.00,0.00,0.00,16.7,5.5,11.7,37890.00
0,2022-11-08,2022-11-08T03:03,2022-11-08T13:33,0.00,0.00,0.00,13.6,6.1,10.2,37778.15
0,2022-11-09,2022-11-09T03:04,2022-11-09T13:32,0.00,0.00,0.00,14.8,6.3,10.4,37667.61
0,2022-11-10,2022-11-10T03:05,2022-11-10T13:31,0.20,0.20,0.00,14.8,5.5,10.8,37558.50
0,2022-11-11,2022-11-11T03:06,2022-11-11T13:30,0.10,0.10,0.00,16.1,7.5,11.7,37450.97
0,2022-11-12,2022-11-12T03:07,2022-11-12T13:29,0.70,0.70,0.00,15.7,7.0,11.2,37345.16
0,2022-11-13,2022-11-13T03:08,2022-11-13T13:29,0.00,0.00,0.00,15.5,3.1,10.5,37241.20
0,2022-11-14,2022-11-14T03:09,2022-11-14T13:28,0.00,0.00,0.00,17.6,3.7,10.5,37139.23
0,2022-11-15,2022-11-15T03:10,2022-11-15T13:27,0.00,0.00,0.00,17.2,5.4,10.8,37039.40
0,2022-11-16,2022-11-16T03:11,2022-11-16T13:26,3.10,3.10,0.00,16.8,4.2,11.9,36941.86
0,2022-11-17,2022-11-17T03:12,2022-11-17T13:26,1.80,1.80,0.00,16.0,9.0,12.2,36846.75
0,2022-11-18,2022-11-18T03:13,2022-11-18T13:25,0.00,0.00,0.00,16.5,7.1,11.3,36754.23
0,2022-11-19,2022-11-19T03:13,2022-11-19T13:25,0.00,0.00,0.00,17.3,6.4,11.9,36664.27
0,2022-11-20,2022-11-20T03:14,2022-11-20T13:24,0.00,0.00,0.00,17.3,4.4,10.8,36575.88
0,2022-11-21,2022-11-21T03:15,2022-11-21T13:24,0.00,0.00,0.00,17.2,4.7,10.8,36488.99
0,2022-11-22,2022-11-22T03:16,2022-11-22T13:23,0.00,0.00,0.00,17.3,4.7,11.4,36403.71
0,2022-11-23,2022-11-23T03:17,2022-11-23T13:23,0.00,0.00,0.00,15.4,6.5,11.2,36320.15
0,2022-11-24,2022-11-24T03:18,2022-11-24T13:22,0.00,0.00,0.00,16.7,4.6,10.6,36238.43
0,2022-11-25,2022-11-25T03:19,2022-11-25T13:22,0.00,0.00,0.00,18.0,5.9,12.4,36158.64
0,2022-11-26,2022-11-26T03:20,2022-11-26T13:22,2.10,2.10,0.00,18.2,8.8,13.4,36080.92
0,2022-11-27,2022-11-27T03:21,2022-11-27T13:21,0.00,0.00,0.00,18.3,5.9,12.4,36005.37
0,2022-11-28,2022-11-28T03:22,2022-11-28T13:21,0.00,0.00,0.00,15.6,4.3,9.9,35932.11
0,2022-11-29,2022-11-29T03:23,2022-11-29T13:21,0.00,0.00,0.00,15.9,4.8,10.4,35861.25
0,2022-11-30,2022-11-30T03:24,2022-11-30T13:21,0.00,0.00,0.00,15.8,6.6,11.3,35792.92
0,2022-12-01,2022-12-01T03:25,2022-12-01T13:21,0.10,0.10,0.00,14.4,5.5,9.6,35727.24
0,2022-12-02,2022-12-02T03:26,2022-12-02T13:20,0.00,0.00,0.00,13.0,6.4,9.3,35664.32
0,2022-12-03,2022-12-03T03:27,2022-12-03T13:20,0.00,0.00,0.00,13.0,6.8,9.4,35604.28
0,2022-12-04,2022-12-04T03:28,2022-12-04T13:20,22.50,22.50,0.00,6.9,2.7,4.5,35547.25
0,2022-12-05,2022-12-05T03:29,2022-12-05T13:20,6.60,6.60,0.00,3.5,1.9,2.5,35493.34
0,2022-12-06,2022-12-06T03:29,2022-12-06T13:20,0.50,0.50,0.00,5.1,2.0,3.3,35442.68
0,2022-12-07,2022-12-07T03:30,2022-12-07T13:20,0.00,0.00,0.00,7.8,1.3,4.5,35395.39
0,2022-12-08,2022-12-08T03:31,2022-12-08T13:20,0.00,0.00,0.00,8.6,0.0,3.7,35351.58
0,2022-12-09,2022-12-09T03:32,2022-12-09T13:20,0.00,0.00,0.00,8.7,-1.1,3.3,35311.29
0,2022-12-10,2022-12-10T03:32,2022-12-10T13:20,0.00,0.00,0.00,8.0,-1.8,2.7,35273.98
0,2022-12-11,2022-12-11T03:33,2022-12-11T13:21,0.00,0.00,0.00,8.3,-1.9,2.5,35239.62
0,2022-12-12,2022-12-12T03:34,2022-12-12T13:21,0.00,0.00,0.00,8.4,-1.9,3.7,35208.22
0,2022-12-13,2022-12-13T03:35,2022-12-13T13:21,0.00,0.00,0.00,9.5,2.0,6.2,35179.82
0,2022-12-14,2022-12-14T03:35,2022-12-14T13:21,0.00,0.00,0.00,11.7,1.6,6.4,35154.45
0,2022-12-15,2022-12-15T03:36,2022-12-15T13:22,0.00,0.00,0.00,11.7,1.3,6.8,35132.13
0,2022-12-16,2022-12-16T03:37,2022-12-16T13:22,0.00,0.00,0.00,12.2,1.6,7.0,35112.89
0,2022-12-17,2022-12-17T03:37,2022-12-17T13:22,0.00,0.00,0.00,12.9,0.6,6.6,35096.77
0,2022-12-18,2022-12-18T03:38,2022-12-18T13:23,0.00,0.00,0.00,11.7,0.7,5.5,35083.77
0,2022-12-19,2022-12-19T03:38,2022-12-19T13:23,0.00,0.00,0.00,11.9,0.5,5.7,35073.93
0,2022-12-20,2022-12-20T03:39,2022-12-20T13:24,0.00,0.00,0.00,12.5,1.1,6.2,35067.27
0,2022-12-21,2022-12-21T03:40,2022-12-21T13:24,0.00,0.00,0.00,10.0,1.1,5.0,35063.81
0,2022-12-22,2022-12-22T03:40,2022-12-22T13:25,0.00,0.00,0.00,9.2,0.2,4.4,35063.56
0,2022-12-23,2022-12-23T03:41,2022-12-23T13:25,0.00,0.00,0.00,9.6,0.1,5.1,35066.55
0,2022-12-24,2022-12-24T03:41,2022-12-24T13:26,9.60,8.80,0.56,5.0,1.4,3.0,35072.79
0,2022-12-25,2022-12-25T03:41,2022-12-25T13:26,0.60,0.60,0.00,8.2,0.2,3.9,35082.30
0,2022-12-26,2022-12-26T03:42,2022-12-26T13:27,0.00,0.00,0.00,8.5,-1.3,3.2,35095.09
0,2022-12-27,2022-12-27T03:42,2022-12-27T13:27,0.00,0.00,0.00,9.2,-1.7,2.8,35111.17
0,2022-12-28,2022-12-28T03:43,2022-12-28T13:28,0.00,0.00,0.00,8.5,-1.9,2.4,35130.55
0,2022-12-29,2022-12-29T03:43,2022-12-29T13:29,0.00,0.00,0.00,8.5,-1.7,2.5,35153.30
0,2022-12-30,2022-12-30T03:43,2022-12-30T13:29,0.00,0.00,0.00,9.1,-1.2,3.2,35179.65
0,2022-12-31,2022-12-31T03:43,2022-12-31T13:30,0.00,0.00,0.00,8.2,-1.0,2.9,35209.56
0,2023-01-01,2023-01-01T03:43,2023-01-01T13:31,0.00,0.00,0.00,8.4,-1.3,2.8,35242.95
0,2023-01-02,2023-01-02T03:44,2023-01-02T13:31,0.00,0.00,0.00,8.6,-1.0,3.4,35279.73
0,2023-01-03,2023-01-03T03:44,2023-01-03T13:32,0.00,0.00,0.00,9.1,-0.3,4.8,35319.80
0,2023-01-04,2023-01-04T03:44,2023-01-04T13:33,0.60,0.10,0.35,8.1,0.6,4.0,35363.08
0,2023-01-05,2023-01-05T03:44,2023-01-05T13:34,3.40,0.70,1.89,5.3,0.2,2.6,35409.46
0,2023-01-06,2023-01-06T03:44,2023-01-06T13:35,1.70,0.60,0.77,4.4,-0.8,1.6,35458.87
0,2023-01-07,2023-01-07T03:44,2023-01-07T13:36,0.00,0.00,0.00,9.5,-1.1,3.5,35511.20
0,2023-01-08,2023-01-08T03:44,2023-01-08T13:37,0.00,0.00,0.00,9.8,0.2,4.0,35566.37
0,2023-01-09,2023-01-09T03:44,2023-01-09T13:37,0.00,0.00,0.00,9.3,0.0,4.6,35624.27
0,2023-01-10,2023-01-10T03:44,2023-01-10T13:38,0.40,0.20,0.14,2.3,-0.4,1.1,35684.83
0,2023-01-11,2023-01-11T03:44,2023-01-11T13:39,1.50,0.00,1.05,1.2,-1.2,-0.1,35747.93
0,2023-01-12,2023-01-12T03:44,2023-01-12T13:40,0.00,0.00,0.00,2.3,-3.2,-0.4,35813.50
0,2023-01-13,2023-01-13T03:43,2023-01-13T13:41,0.00,0.00,0.00,1.9,-4.0,-1.7,35881.43
0,2023-01-14,2023-01-14T03:43,2023-01-14T13:42,0.00,0.00,0.00,2.6,-5.2,-1.5,35951.64
0,2023-01-15,2023-01-15T03:43,2023-01-15T13:43,2.80,0.00,1.96,0.9,-3.6,-1.7,36024.03
0,2023-01-16,2023-01-16T03:43,2023-01-16T13:44,0.00,0.00,0.00,7.3,-4.5,1.3,36098.52
0,2023-01-17,2023-01-17T03:42,2023-01-17T13:45,0.00,0.00,0.00,7.4,-1.2,2.6,36175.01
0,2023-01-18,2023-01-18T03:42,2023-01-18T13:46,0.00,0.00,0.00,9.2,-1.1,3.2,36253.58
0,2023-01-19,2023-01-19T03:42,2023-01-19T13:47,0.00,0.00,0.00,9.1,-1.8,2.9,36335.08
0,2023-01-20,2023-01-20T03:41,2023-01-20T13:48,0.00,0.00,0.00,8.1,-3.0,2.1,36419.54
0,2023-01-21,2023-01-21T03:41,2023-01-21T13:49,0.00,0.00,0.00,7.4,-2.7,1.6,36506.80
0,2023-01-22,2023-01-22T03:40,2023-01-22T13:50,0.00,0.00,0.00,7.0,-3.1,1.2,36596.71
0,2023-01-23,2023-01-23T03:40,2023-01-23T13:51,0.00,0.00,0.00,6.3,-3.3,0.6,36689.11
0,2023-01-24,2023-01-24T03:39,2023-01-24T13:52,0.00,0.00,0.00,5.9,-4.1,0.4,36783.88
0,2023-01-25,2023-01-25T03:39,2023-01-25T13:53,0.00,0.00,0.00,5.5,-4.1,0.1,36880.84
0,2023-01-26,2023-01-26T03:38,2023-01-26T13:54,0.00,0.00,0.00,5.4,-3.5,1.0,36979.87
0,2023-01-27,2023-01-27T03:37,2023-01-27T13:55,0.10,0.00,0.07,4.3,-2.3,0.9,37080.82
0,2023-01-28,2023-01-28T03:37,2023-01-28T13:56,0.00,0.00,0.00,7.4,-3.3,1.4,37183.57
0,2023-01-29,2023-01-29T03:36,2023-01-29T13:57,1.10,0.60,0.35,10.9,-0.9,4.4,37287.96
0,2023-01-30,2023-01-30T03:35,2023-01-30T13:58,4.50,4.50,0.00,10.3,1.2,5.4,37393.86
0,2023-01-31,2023-01-31T03:35,2023-01-31T13:59,17.70,17.10,0.42,6.6,3.9,5.3,37501.15
0,2023-02-01,2023-02-01T03:34,2023-02-01T14:01,0.10,0.10,0.00,10.4,0.0,4.3,37609.69
0,2023-02-02,2023-02-02T03:33,2023-02-02T14:02,0.60,0.60,0.00,9.0,-0.3,4.3,37719.35
0,2023-02-03,2023-02-03T03:32,2023-02-03T14:03,0.00,0.00,0.00,7.8,-3.2,2.0,37830.02
0,2023-02-04,2023-02-04T03:32,2023-02-04T14:04,0.00,0.00,0.00,8.0,-3.0,1.7,37941.57
0,2023-02-05,2023-02-05T03:31,2023-02-05T14:05,0.00,0.00,0.00,9.7,-1.9,2.6,38053.86
0,2023-02-06,2023-02-06T03:30,2023-02-06T14:06,0.30,0.30,0.00,11.1,-0.6,5.5,38166.80
0,2023-02-07,2023-02-07T03:29,2023-02-07T14:07,2.10,1.20,0.63,10.8,1.7,6.0,38280.46
0,2023-02-08,2023-02-08T03:28,2023-02-08T14:08,0.30,0.00,0.21,9.6,0.5,4.5,38395.93
0,2023-02-09,2023-02-09T03:27,2023-02-09T14:09,4.70,0.20,3.15,2.8,-1.1,0.9,38513.27
0,2023-02-10,2023-02-10T03:26,2023-02-10T14:10,0.00,0.00,0.00,5.2,-3.8,0.3,38632.36
0,2023-02-11,2023-02-11T03:25,2023-02-11T14:11,0.00,0.00,0.00,4.5,-3.9,0.4,38753.05
0,2023-02-12,2023-02-12T03:24,2023-02-12T14:12,11.00,0.00,7.70,0.9,-2.0,-0.5,38875.20
0,2023-02-13,2023-02-13T03:23,2023-02-13T14:13,0.00,0.00,0.00,7.1,-5.5,0.3,38998.69
0,2023-02-14,2023-02-14T03:22,2023-02-14T14:14,2.50,1.50,0.70,8.5,-2.6,3.6,39123.39
0,2023-02-15,2023-02-15T03:21,2023-02-15T14:15,7.60,4.40,2.24,5.5,1.1,3.1,39249.17
0,2023-02-16,2023-02-16T03:20,2023-02-16T14:16,0.10,0.10,0.00,9.1,-3.8,2.3,39375.90
0,2023-02-17,2023-02-17T03:19,2023-02-17T14:17,0.00,0.00,0.00,8.5,-4.5,1.2,39503.48
0,2023-02-18,2023-02-18T03:18,2023-02-18T14:18,0.00,0.00,0.00,9.3,-2.4,2.4,39631.76
0,2023-02-19,2023-02-19T03:16,2023-02-19T14:19,0.00,0.00,0.00,12.1,-1.6,4.3,39760.64
0,2023-02-20,2023-02-20T03:15,2023-02-20T14:20,0.00,0.00,0.00,12.8,-0.2,5.5,39890.00
0,2023-02-21,2023-02-21T03:14,2023-02-21T14:21,0.00,0.00,0.00,14.4,1.5,6.9,40019.73
0,2023-02-22,2023-02-22T03:13,2023-02-22T14:22,0.00,0.00,0.00,15.6,0.3,7.6,40149.72
0,2023-02-23,2023-02-23T03:12,2023-02-23T14:23,0.00,0.00,0.00,15.7,2.7,7.7,40279.84
0,2023-02-24,2023-02-24T03:10,2023-02-24T14:24,0.10,0.00,0.07,15.6,0.6,8.0,40410.00
0,2023-02-25,2023-02-25T03:09,2023-02-25T14:25,0.00,0.00,0.00,13.7,2.0,7.6,40540.09
0,2023-02-26,2023-02-26T03:08,2023-02-26T14:25,0.20,0.20,0.00,14.9,4.5,9.3,40669.99
0,2023-02-27,2023-02-27T03:07,2023-02-27T14:26,0.00,0.00,0.00,17.1,3.6,9.8,40799.80
0,2023-02-28,2023-02-28T03:05,2023-02-28T14:27,0.00,0.00,0.00,17.7,3.8,10.3,40930.57
0,2023-03-01,2023-03-01T03:04,2023-03-01T14:28,0.00,0.00,0.00,18.3,3.6,11.1,41062.38
0,2023-03-02,2023-03-02T03:03,2023-03-02T14:29,0.00,0.00,0.00,19.7,5.0,12.1,41195.14
0,2023-03-03,2023-03-03T03:02,2023-03-03T14:30,0.00,0.00,0.00,20.7,6.7,13.3,41328.74
0,2023-03-04,2023-03-04T03:00,2023-03-04T14:31,0.80,0.80,0.00,19.4,7.9,13.1,41463.08
0,2023-03-05,2023-03-05T02:59,2023-03-05T14:32,0.00,0.00,0.00,21.5,7.6,14.1,41598.07
0,2023-03-06,2023-03-06T02:57,2023-03-06T14:33,0.00,0.00,0.00,23.3,7.6,16.2,41733.59
0,2023-03-07,2023-03-07T02:56,2023-03-07T14:34,11.20,11.20,0.00,18.9,6.1,12.6,41869.55
0,2023-03-08,2023-03-08T02:55,2023-03-08T14:35,14.70,14.70,0.00,13.6,6.6,10.3,42005.87
0,2023-03-09,2023-03-09T02:53,2023-03-09T14:35,2.20,2.20,0.00,16.2,7.8,12.2,42142.44
0,2023-03-10,2023-03-10T02:52,2023-03-10T14:36,2.20,2.20,0.00,15.3,5.7,11.2,42279.16
0,2023-03-11,2023-03-11T02:51,2023-03-11T14:37,0.00,0.00,0.00,17.3,5.8,11.0,42415.95
0,2023-03-12,2023-03-12T02:49,2023-03-12T14:38,0.00,0.00,0.00,19.3,6.1,12.8,42552.71
0,2023-03-13,2023-03-13T02:48,2023-03-13T14:39,0.00,0.00,0.00,17.5,10.4,13.6,42689.34
0,2023-03-14,2023-03-14T02:46,2023-03-14T14:40,0.10,0.10,0.00,19.7,7.9,13.5,42825.76
0,2023-03-15,2023-03-15T02:45,2023-03-15T14:41,0.10,0.10,0.00,19.1,8.2,13.9,42961.86
0,2023-03-16,2023-03-16T02:43,2023-03-16T14:41,9.10,9.10,0.00,16.3,8.2,12.5,43097.57
0,2023-03-17,2023-03-17T02:42,2023-03-17T14:42,0.00,0.00,0.00,16.3,6.5,11.7,43232.78
0,2023-03-18,2023-03-18T02:41,2023-03-18T14:43,0.00,0.00,0.00,19.6,5.9,11.8,43367.39
0,2023-03-19,2023-03-19T02:39,2023-03-19T14:44,0.00,0.00,0.00,19.8,6.6,13.4,43501.50
0,2023-03-20,2023-03-20T02:38,2023-03-20T14:45,0.00,0.00,0.00,20.7,7.5,13.9,43636.07
0,2023-03-21,2023-03-21T02:36,2023-03-21T14:46,8.20,8.20,0.00,17.7,6.9,12.7,43771.19
0,2023-03-22,2023-03-22T02:35,2023-03-22T14:47,18.10,18.10,0.00,8.1,4.5,5.9,43906.77
0,2023-03-23,2023-03-23T02:34,2023-03-23T14:47,0.00,0.00,0.00,14.3,4.3,9.5,44042.74
0,2023-03-24,2023-03-24T02:32,2023-03-24T14:48,0.00,0.00,0.00,16.5,5.9,11.6,44179.00
0,2023-03-25,2023-03-25T02:31,2023-03-25T14:49,0.20,0.20,0.00,18.2,7.7,12.8,44315.46
0,2023-03-26,2023-03-26T02:29,2023-03-26T14:50,1.20,1.20,0.00,19.8,8.6,15.2,44452.05
0,2023-03-27,2023-03-27T02:28,2023-03-27T14:51,2.50,2.50,0.00,17.3,9.2,13.4,44588.68
0,2023-03-28,2023-03-28T02:26,2023-03-28T14:52,0.80,0.80,0.00,18.5,7.9,12.9,44725.25
0,2023-03-29,2023-03-29T02:25,2023-03-29T14:52,0.00,0.00,0.00,21.6,9.1,14.0,44861.70
0,2023-03-30,2023-03-30T02:24,2023-03-30T14:53,0.00,0.00,0.00,22.8,8.4,15.6,44997.92
0,2023-03-31,2023-03-31T02:22,2023-03-31T14:54,1.00,1.00,0.00,23.0,8.9,15.6,45133.83
0,2023-04-01,2023-04-01T02:21,2023-04-01T14:55,0.00,0.00,0.00,11.1,3.1,8.1,45269.34
0,2023-04-02,2023-04-02T02:19,2023-04-02T14:56,0.00,0.00,0.00,14.2,2.1,8.7,45404.36
0,2023-04-03,2023-04-03T02:18,2023-04-03T14:56,0.00,0.00,0.00,18.9,4.6,11.4,45538.80
0,2023-04-04,2023-04-04T02:16,2023-04-04T14:57,0.00,0.00,0.00,20.1,5.6,13.3,45672.57
0,2023-04-05,2023-04-05T02:15,2023-04-05T14:58,0.00,0.00,0.00,23.5,8.7,16.3,45805.57
0,2023-04-06,2023-04-06T02:14,2023-04-06T14:59,0.00,0.00,0.00,25.3,11.4,18.0,45937.72
0,2023-04-07,2023-04-07T02:12,2023-04-07T15:00,0.00,0.00,0.00,24.0,12.0,18.7,46068.91
0,2023-04-08,2023-04-08T02:11,2023-04-08T15:01,0.00,0.00,0.00,25.4,8.9,18.4,46199.22
0,2023-04-09,2023-04-09T02:10,2023-04-09T15:01,0.00,0.00,0.00,24.9,10.7,18.6,46329.57
0,2023-04-10,2023-04-10T02:08,2023-04-10T15:02,0.00,0.00,0.00,26.6,12.7,20.4,46460.04
0,2023-04-11,2023-04-11T02:07,2023-04-11T15:03,0.00,0.00,0.00,28.8,16.8,22.9,46590.55
0,2023-04-12,2023-04-12T02:06,2023-04-12T15:04,2.20,2.20,0.00,25.8,16.9,20.0,46721.00
0,2023-04-13,2023-04-13T02:04,2023-04-13T15:05,12.20,12.20,0.00,22.3,8.0,15.4,46851.32
0,2023-04-14,2023-04-14T02:03,2023-04-14T15:06,0.10,0.10,0.00,16.1,8.4,12.2,46981.41
0,2023-04-15,2023-04-15T02:02,2023-04-15T15:06,0.00,0.00,0.00,19.5,6.1,12.7,47111.18
0,2023-04-16,2023-04-16T02:00,2023-04-16T15:07,0.00,0.00,0.00,21.4,7.3,15.3,47240.54
0,2023-04-17,2023-04-17T01:59,2023-04-17T15:08,0.00,0.00,0.00,20.5,8.1,15.1,47369.40
0,2023-04-18,2023-04-18T01:58,2023-04-18T15:09,0.00,0.00,0.00,21.9,10.2,16.6,47497.67
0,2023-04-19,2023-04-19T01:56,2023-04-19T15:10,0.00,0.00,0.00,24.9,11.1,18.7,47625.23
0,2023-04-20,2023-04-20T01:55,2023-04-20T15:11,0.00,0.00,0.00,27.9,12.7,21.5,47752.01
0,2023-04-21,2023-04-21T01:54,2023-04-21T15:11,0.00,0.00,0.00,29.1,16.1,23.2,47877.89
0,2023-04-22,2023-04-22T01:52,2023-04-22T15:12,0.00,0.00,0.00,28.2,16.1,22.2,48002.79
0,2023-04-23,2023-04-23T01:51,2023-04-23T15:13,0.00,0.00,0.00,28.9,14.7,22.6,48126.58
0,2023-04-24,2023-04-24T01:50,2023-04-24T15:14,0.00,0.00,0.00,29.1,15.9,23.6,48249.16
0,2023-04-25,2023-04-25T01:49,2023-04-25T15:15,2.70,2.70,0.00,26.9,16.3,21.1,48370.44
0,2023-04-26,2023-04-26T01:48,2023-04-26T15:16,1.40,1.40,0.00,25.4,13.9,20.1,48490.29
0,2023-04-27,2023-04-27T01:47,2023-04-27T15:16,0.00,0.00,0.00,26.8,14.7,21.4,48608.61
0,2023-04-28,2023-04-28T01:45,2023-04-28T15:17,0.00,0.00,0.00,27.8,14.7,22.0,48725.43
0,2023-04-29,2023-04-29T01:44,2023-04-29T15:18,0.00,0.00,0.00,29.0,14.7,23.5,48841.66
0,2023-04-30,2023-04-30T01:43,2023-04-30T15:19,0.00,0.00,0.00,30.2,16.6,23.2,48957.34
0,2023-05-01,2023-05-01T01:42,2023-05-01T15:20,2.40,2.40,0.00,25.8,14.1,19.4,49072.39
0,2023-05-02,2023-05-02T01:41,2023-05-02T15:21,0.00,0.00,0.00,23.6,12.2,18.7,49186.73
0,2023-05-03,2023-05-03T01:40,2023-05-03T15:21,0.00,0.00,0.00,25.4,12.5,19.4,49300.24
0,2023-05-04,2023-05-04T01:39,2023-05-04T15:22,0.00,0.00,0.00,20.7,8.7,14.8,49412.83
0,2023-05-05,2023-05-05T01:38,2023-05-05T15:23,0.00,0.00,0.00,23.8,8.7,17.5,49524.41
0,2023-05-06,2023-05-06T01:37,2023-05-06T15:24,0.00,0.00,0.00,26.8,12.7,21.1,49634.86
0,2023-05-07,2023-05-07T01:36,2023-05-07T15:25,0.00,0.00,0.00,30.3,15.3,24.2,49744.09
0,2023-05-08,2023-05-08T01:35,2023-05-08T15:26,0.00,0.00,0.00,32.8,19.5,26.6,49852.00
0,2023-05-09,2023-05-09T01:34,2023-05-09T15:26,1.30,1.30,0.00,30.7,17.4,24.0,49958.46
0,2023-05-10,2023-05-10T01:33,2023-05-10T15:27,0.70,0.70,0.00,24.9,14.5,19.9,50063.38
0,2023-05-11,2023-05-11T01:32,2023-05-11T15:28,0.00,0.00,0.00,28.5,13.5,22.4,50166.64
0,2023-05-12,2023-05-12T01:31,2023-05-12T15:29,0.00,0.00,0.00,30.7,17.0,24.8,50268.13
0,2023-05-13,2023-05-13T01:31,2023-05-13T15:30,0.00,0.00,0.00,32.4,19.4,27.0,50367.73
0,2023-05-14,2023-05-14T01:30,2023-05-14T15:31,0.00,0.00,0.00,28.4,14.5,23.1,50465.32
0,2023-05-15,2023-05-15T01:29,2023-05-15T15:31,0.30,0.30,0.00,26.1,10.1,18.6,50560.79
0,2023-05-16,2023-05-16T01:28,2023-05-16T15:32,0.00,0.00,0.00,23.2,9.8,16.8,50654.02
0,2023-05-17,2023-05-17T01:27,2023-05-17T15:33,0.00,0.00,0.00,24.8,11.5,19.2,50744.87
0,2023-05-18,2023-05-18T01:27,2023-05-18T15:34,0.00,0.00,0.00,30.4,15.0,23.8,50833.38
0,2023-05-19,2023-05-19T01:26,2023-05-19T15:34,0.00,0.00,0.00,32.6,18.4,26.4,50920.25
0,2023-05-20,2023-05-20T01:25,2023-05-20T15:35,0.00,0.00,0.00,33.0,20.8,27.3,51005.55
0,2023-05-21,2023-05-21T01:25,2023-05-21T15:36,0.70,0.70,0.00,30.3,18.4,24.2,51089.21
0,2023-05-22,2023-05-22T01:24,2023-05-22T15:37,0.00,0.00,0.00,30.2,17.3,24.5,51171.12
0,2023-05-23,2023-05-23T01:24,2023-05-23T15:38,0.00,0.00,0.00,32.7,18.3,26.4,51251.21
0,2023-05-24,2023-05-24T01:23,2023-05-24T15:38,0.00,0.00,0.00,34.3,17.7,28.4,51329.39
0,2023-05-25,2023-05-25T01:22,2023-05-25T15:39,0.00,0.00,0.00,35.5,24.1,30.0,51405.57
0,2023-05-26,2023-05-26T01:22,2023-05-26T15:40,0.80,0.80,0.00,30.4,23.0,26.7,51479.67
0,2023-05-27,2023-05-27T01:21,2023-05-27T15:40,0.00,0.00,0.00,33.1,20.8,26.8,51551.59
0,2023-05-28,2023-05-28T01:21,2023-05-28T15:41,0.00,0.00,0.00,32.5,19.9,27.5,51621.24
0,2023-05-29,2023-05-29T01:21,2023-05-29T15:42,0.00,0.00,0.00,34.7,21.6,29.5,51688.54
0,2023-05-30,2023-05-30T01:20,2023-05-30T15:43,0.00,0.00,0.00,36.8,23.3,30.8,51753.39
0,2023-05-31,2023-05-31T01:20,2023-05-31T15:43,0.10,0.10,0.00,33.1,21.2,27.2,51815.71
0,2023-06-01,2023-06-01T01:19,2023-06-01T15:44,0.00,0.00,0.00,32.9,20.4,27.3,51875.39
0,2023-06-02,2023-06-02T01:19,2023-06-02T15:44,0.00,0.00,0.00,33.0,20.1,27.8,51932.36
0,2023-06-03,2023-06-03T01:19,2023-06-03T15:45,0.00,0.00,0.00,33.9,21.1,28.5,51986.52
0,2023-06-04,2023-06-04T01:19,2023-06-04T15:46,0.00,0.00,0.00,34.4,22.3,29.4,52037.76
0,2023-06-05,2023-06-05T01:18,2023-06-05T15:46,0.00,0.00,0.00,36.1,22.8,30.1,52086.02
0,2023-06-06,2023-06-06T01:18,2023-06-06T15:47,0.00,0.00,0.00,37.1,23.3,29.2,52131.19
0,2023-06-07,2023-06-07T01:18,2023-06-07T15:47,0.10,0.10,0.00,33.4,22.0,27.0,52173.25
0,2023-06-08,2023-06-08T01:18,2023-06-08T15:48,1.50,1.50,0.00,29.8,18.6,23.8,52212.56
0,2023-06-09,2023-06-09T01:18,2023-06-09T15:48,0.00,0.00,0.00,27.6,16.0,22.6,52249.17
0,2023-06-10,2023-06-10T01:17,2023-06-10T15:49,0.00,0.00,0.00,31.3,19.3,26.0,52283.04
0,2023-06-11,2023-06-11T01:17,2023-06-11T15:49,1.80,1.80,0.00,34.0,21.7,27.4,52314.15
0,2023-06-12,2023-06-12T01:17,2023-06-12T15:50,0.00,0.00,0.00,34.9,19.7,29.4,52342.48
0,2023-06-13,2023-06-13T01:17,2023-06-13T15:50,0.00,0.00,0.00,37.1,24.3,31.2,52368.00
0,2023-06-14,2023-06-14T01:17,2023-06-14T15:51,0.00,0.00,0.00,37.5,24.7,32.1,52390.68
0,2023-06-15,2023-06-15T01:17,2023-06-15T15:51,0.00,0.00,0.00,36.7,23.8,31.4,52410.52
0,2023-06-16,2023-06-16T01:18,2023-06-16T15:51,0.00,0.00,0.00,35.3,23.6,30.1,52427.48
0,2023-06-17,2023-06-17T01:18,2023-06-17T15:52,0.00,0.00,0.00,34.9,20.5,29.1,52441.55
0,2023-06-18,2023-06-18T01:18,2023-06-18T15:52,0.00,0.00,0.00,36.5,22.2,30.6,52452.71
0,2023-06-19,2023-06-19T01:18,2023-06-19T15:52,0.00,0.00,0.00,37.0,22.4,31.0,52460.94
0,2023-06-20,2023-06-20T01:18,2023-06-20T15:53,0.00,0.00,0.00,36.6,21.5,30.8,52466.23
0,2023-06-21,2023-06-21T01:18,2023-06-21T15:53,0.00,0.00,0.00,35.4,21.8,29.8,52468.56
0,2023-06-22,2023-06-22T01:19,2023-06-22T15:53,0.00,0.00,0.00,35.8,20.5,30.1,52467.93
0,2023-06-23,2023-06-23T01:19,2023-06-23T15:53,0.00,0.00,0.00,34.7,23.9,29.5,52464.30
0,2023-06-24,2023-06-24T01:19,2023-06-24T15:53,0.00,0.00,0.00,35.2,21.6,29.4,52457.69
0,2023-06-25,2023-06-25T01:19,2023-06-25T15:54,0.00,0.00,0.00,33.7,21.3,28.4,52448.07
0,2023-06-26,2023-06-26T01:20,2023-06-26T15:54,0.00,0.00,0.00,34.6,21.5,29.2,52435.44
0,2023-06-27,2023-06-27T01:20,2023-06-27T15:54,0.00,0.00,0.00,37.8,24.2,32.2,52419.76
0,2023-06-28,2023-06-28T01:20,2023-06-28T15:54,0.00,0.00,0.00,39.2,25.3,32.8,52400.85
0,2023-06-29,2023-06-29T01:21,2023-06-29T15:54,0.00,0.00,0.00,37.5,24.1,32.0,52378.75
0,2023-06-30,2023-06-30T01:21,2023-06-30T15:54,0.00,0.00,0.00,37.8,24.9,31.8,52353.52
0,2023-07-01,2023-07-01T01:21,2023-07-01T15:54,0.00,0.00,0.00,36.7,23.7,30.9,52325.22
0,2023-07-02,2023-07-02T01:22,2023-07-02T15:54,0.00,0.00,0.00,35.7,22.5,30.3,52293.91
0,2023-07-03,2023-07-03T01:22,2023-07-03T15:53,0.00,0.00,0.00,37.1,23.8,31.3,52259.66
0,2023-07-04,2023-07-04T01:23,2023-07-04T15:53,0.00,0.00,0.00,37.3,25.6,31.9,52222.54
0,2023-07-05,2023-07-05T01:23,2023-07-05T15:53,0.00,0.00,0.00,36.5,24.7,30.9,52182.60
0,2023-07-06,2023-07-06T01:24,2023-07-06T15:53,0.00,0.00,0.00,34.9,23.1,29.9,52139.92
0,2023-07-07,2023-07-07T01:24,2023-07-07T15:53,0.00,0.00,0.00,35.0,24.9,30.1,52094.57
0,2023-07-08,2023-07-08T01:25,2023-07-08T15:53,0.00,0.00,0.00,36.2,24.6,31.3,52046.62
0,2023-07-09,2023-07-09T01:26,2023-07-09T15:52,0.00,0.00,0.00,38.6,25.8,33.0,51996.12
0,2023-07-10,2023-07-10T01:26,2023-07-10T15:52,0.00,0.00,0.00,39.1,25.8,33.4,51943.15
0,2023-07-11,2023-07-11T01:27,2023-07-11T15:52,0.00,0.00,0.00,40.5,25.7,34.4,51887.79
0,2023-07-12,2023-07-12T01:27,2023-07-12T15:51,0.00,0.00,0.00,40.6,25.8,33.4,51830.09
0,2023-07-13,2023-07-13T01:28,2023-07-13T15:51,0.00,0.00,0.00,39.2,24.9,32.8,51770.13
0,2023-07-14,2023-07-14T01:29,2023-07-14T15:51,0.00,0.00,0.00,38.5,27.1,32.8,51707.97
0,2023-07-15,2023-07-15T01:29,2023-07-15T15:50,0.00,0.00,0.00,40.2,27.1,34.8,51643.69
0,2023-07-16,2023-07-16T01:30,2023-07-16T15:50,0.00,0.00,0.00,39.5,26.9,33.3,51577.34
0,2023-07-17,2023-07-17T01:31,2023-07-17T15:49,0.00,0.00,0.00,36.7,24.1,30.8,51508.89
0,2023-07-18,2023-07-18T01:31,2023-07-18T15:49,0.00,0.00,0.00,35.8,21.3,30.0,51437.72
0,2023-07-19,2023-07-19T01:32,2023-07-19T15:48,0.00,0.00,0.00,35.4,23.5,30.6,51363.82
0,2023-07-20,2023-07-20T01:33,2023-07-20T15:48,0.00,0.00,0.00,37.6,25.2,32.6,51287.31
0,2023-07-21,2023-07-21T01:33,2023-07-21T15:47,0.00,0.00,0.00,38.5,26.5,33.8,51208.32
0,2023-07-22,2023-07-22T01:34,2023-07-22T15:46,0.00,0.00,0.00,39.9,27.6,34.2,51126.95
0,2023-07-23,2023-07-23T01:35,2023-07-23T15:46,0.00,0.00,0.00,38.3,26.3,33.4,51043.30
0,2023-07-24,2023-07-24T01:36,2023-07-24T15:45,0.00,0.00,0.00,38.6,28.3,34.1,50957.51
0,2023-07-25,2023-07-25T01:36,2023-07-25T15:44,0.00,0.00,0.00,38.5,27.4,33.7,50869.67
0,2023-07-26,2023-07-26T01:37,2023-07-26T15:44,0.00,0.00,0.00,38.0,27.6,32.7,50779.90
0,2023-07-27,2023-07-27T01:38,2023-07-27T15:43,0.00,0.00,0.00,38.3,25.0,32.4,50688.30
0,2023-07-28,2023-07-28T01:39,2023-07-28T15:42,0.00,0.00,0.00,39.2,26.1,33.3,50594.99
0,2023-07-29,2023-07-29T01:39,2023-07-29T15:41,0.00,0.00,0.00,38.4,27.1,33.5,50500.05
0,2023-07-30,2023-07-30T01:40,2023-07-30T15:40,0.00,0.00,0.00,37.1,26.6,32.3,50403.61
0,2023-07-31,2023-07-31T01:41,2023-07-31T15:40,0.00,0.00,0.00,37.6,26.6,32.9,50305.75
0,2023-08-01,2023-08-01T01:42,2023-08-01T15:39,0.00,0.00,0.00,38.4,27.1,33.2,50206.59
0,2023-08-02,2023-08-02T01:42,2023-08-02T15:38,0.00,0.00,0.00,39.3,25.8,33.7,50106.21
0,2023-08-03,2023-08-03T01:43,2023-08-03T15:37,0.00,0.00,0.00,39.7,27.9,34.6,50004.71
0,2023-08-04,2023-08-04T01:44,2023-08-04T15:36,0.00,0.00,0.00,38.7,27.7,33.6,49902.20
0,2023-08-05,2023-08-05T01:45,2023-08-05T15:35,0.00,0.00,0.00,37.8,26.6,33.3,49798.75
0,2023-08-06,2023-08-06T01:45,2023-08-06T15:34,0.00,0.00,0.00,38.4,26.1,33.2,49694.32
0,2023-08-07,2023-08-07T01:46,2023-08-07T15:33,0.00,0.00,0.00,38.6,26.5,32.8,49588.07
0,2023-08-08,2023-08-08T01:47,2023-08-08T15:32,0.00,0.00,0.00,35.9,24.3,30.7,49479.97
0,2023-08-09,2023-08-09T01:48,2023-08-09T15:31,0.00,0.00,0.00,36.0,23.6,30.7,49370.14
0,2023-08-10,2023-08-10T01:49,2023-08-10T15:30,0.00,0.00,0.00,36.1,24.0,31.0,49258.69
0,2023-08-11,2023-08-11T01:49,2023-08-11T15:29,0.00,0.00,0.00,36.5,25.2,31.5,49145.73
0,2023-08-12,2023-08-12T01:50,2023-08-12T15:28,0.00,0.00,0.00,36.6,24.7,31.3,49031.38
0,2023-08-13,2023-08-13T01:51,2023-08-13T15:26,0.00,0.00,0.00,34.9,23.5,30.0,48915.74
0,2023-08-14,2023-08-14T01:52,2023-08-14T15:25,0.00,0.00,0.00,34.5,22.8,29.3,48798.92
0,2023-08-15,2023-08-15T01:53,2023-08-15T15:24,0.00,0.00,0.00,33.8,21.2,28.3,48681.02
0,2023-08-16,2023-08-16T01:53,2023-08-16T15:23,0.00,0.00,0.00,33.2,21.5,28.2,48562.15
0,2023-08-17,2023-08-17T01:54,2023-08-17T15:22,0.00,0.00,0.00,34.4,20.8,28.7,48442.40
0,2023-08-18,2023-08-18T01:55,2023-08-18T15:21,0.00,0.00,0.00,36.2,22.1,30.2,48321.88
0,2023-08-19,2023-08-19T01:56,2023-08-19T15:19,0.00,0.00,0.00,36.5,22.8,30.6,48200.68
0,2023-08-20,2023-08-20T01:56,2023-08-20T15:18,0.00,0.00,0.00,35.4,24.8,30.6,48078.90
0,2023-08-21,2023-08-21T01:57,2023-08-21T15:17,0.00,0.00,0.00,34.8,23.2,29.7,47956.62
0,2023-08-22,2023-08-22T01:58,2023-08-22T15:16,0.00,0.00,0.00,37.1,23.4,31.3,47833.95
0,2023-08-23,2023-08-23T01:59,2023-08-23T15:14,0.00,0.00,0.00,37.9,25.6,32.1,47710.97
0,2023-08-24,2023-08-24T02:00,2023-08-24T15:13,0.00,0.00,0.00,37.3,25.7,32.3,47587.77
0,2023-08-25,2023-08-25T02:00,2023-08-25T15:12,0.00,0.00,0.00,37.3,24.3,31.6,47464.43
0,2023-08-26,2023-08-26T02:01,2023-08-26T15:10,0.00,0.00,0.00,36.2,22.6,30.0,47340.89
0,2023-08-27,2023-08-27T02:02,2023-08-27T15:09,0.00,0.00,0.00,31.9,21.2,27.4,47216.28
0,2023-08-28,2023-08-28T02:03,2023-08-28T15:08,0.00,0.00,0.00,32.1,22.3,27.6,47090.53
0,2023-08-29,2023-08-29T02:03,2023-08-29T15:06,0.00,0.00,0.00,35.4,22.3,30.3,46963.74
0,2023-08-30,2023-08-30T02:04,2023-08-30T15:05,0.00,0.00,0.00,34.6,22.2,28.8,46836.00
0,2023-08-31,2023-08-31T02:05,2023-08-31T15:04,0.00,0.00,0.00,33.4,21.9,27.8,46707.42
0,2023-09-01,2023-09-01T02:06,2023-09-01T15:02,0.00,0.00,0.00,34.3,22.8,29.3,46578.07
0,2023-09-02,2023-09-02T02:06,2023-09-02T15:01,0.00,0.00,0.00,35.7,22.5,30.0,46448.06
0,2023-09-03,2023-09-03T02:07,2023-09-03T14:59,0.00,0.00,0.00,35.7,23.7,30.4,46317.46
0,2023-09-04,2023-09-04T02:08,2023-09-04T14:58,0.00,0.00,0.00,36.5,24.5,31.0,46186.37
0,2023-09-05,2023-09-05T02:09,2023-09-05T14:57,0.00,0.00,0.00,38.1,24.2,31.8,46054.88
0,2023-09-06,2023-09-06T02:09,2023-09-06T14:55,0.00,0.00,0.00,38.0,24.6,31.5,45923.05
0,2023-09-07,2023-09-07T02:10,2023-09-07T14:54,0.00,0.00,0.00,36.9,24.1,31.2,45790.99
0,2023-09-08,2023-09-08T02:11,2023-09-08T14:52,0.00,0.00,0.00,36.0,24.1,30.4,45658.77
0,2023-09-09,2023-09-09T02:12,2023-09-09T14:51,0.00,0.00,0.00,36.1,22.6,29.6,45526.48
0,2023-09-10,2023-09-10T02:12,2023-09-10T14:49,0.00,0.00,0.00,35.0,20.3,28.1,45394.18
0,2023-09-11,2023-09-11T02:13,2023-09-11T14:48,0.00,0.00,0.00,33.0,19.0,26.8,45261.98
0,2023-09-12,2023-09-12T02:14,2023-09-12T14:46,0.00,0.00,0.00,33.9,20.6,28.3,45129.93
0,2023-09-13,2023-09-13T02:15,2023-09-13T14:45,0.00,0.00,0.00,34.7,21.6,28.9,44998.14
0,2023-09-14,2023-09-14T02:15,2023-09-14T14:44,0.00,0.00,0.00,35.2,20.9,28.2,44866.66
0,2023-09-15,2023-09-15T02:16,2023-09-15T14:42,0.00,0.00,0.00,31.7,18.3,25.2,44735.43
0,2023-09-16,2023-09-16T02:17,2023-09-16T14:41,0.00,0.00,0.00,30.0,20.2,25.5,44603.55
0,2023-09-17,2023-09-17T02:18,2023-09-17T14:39,0.00,0.00,0.00,30.7,18.8,25.5,44470.95
0,2023-09-18,2023-09-18T02:18,2023-09-18T14:38,0.00,0.00,0.00,30.6,19.9,25.2,44337.73
0,2023-09-19,2023-09-19T02:19,2023-09-19T14:36,0.00,0.00,0.00,29.6,18.6,24.0,44203.95
0,2023-09-20,2023-09-20T02:20,2023-09-20T14:35,0.00,0.00,0.00,29.0,18.7,23.9,44069.73
0,2023-09-21,2023-09-21T02:21,2023-09-21T14:33,0.00,0.00,0.00,29.2,18.9,24.4,43935.12
0,2023-09-22,2023-09-22T02:21,2023-09-22T14:32,0.00,0.00,0.00,30.4,18.8,25.1,43800.22
0,2023-09-23,2023-09-23T02:22,2023-09-23T14:30,0.00,0.00,0.00,30.0,19.4,24.8,43665.12
1,2022-09-23,2022-09-23T02:25,2022-09-23T14:32,0.00,0.00,0.00,36.7,23.0,30.4,43631.20
1,2022-09-24,2022-09-24T02:25,2022-09-24T14:31,0.00,0.00,0.00,36.6,22.6,30.0,43502.19
1,2022-09-25,2022-09-25T02:26,2022-09-25T14:29,0.00,0.00,0.00,37.0,20.6,28.8,43372.81
1,2022-09-26,2022-09-26T02:27,2022-09-26T14:28,0.00,0.00,0.00,31.6,19.1,26.0,43243.14
1,2022-09-27,2022-09-27T02:27,2022-09-27T14:26,0.00,0.00,0.00,32.4,19.0,26.0,43113.29
1,2022-09-28,2022-09-28T02:28,2022-09-28T14:25,0.00,0.00,0.00,33.3,18.8,26.1,42983.31
1,2022-09-29,2022-09-29T02:29,2022-09-29T14:23,0.00,0.00,0.00,34.7,18.7,27.3,42853.30
1,2022-09-30,2022-09-30T02:30,2022-09-30T14:22,0.00,0.00,0.00,35.2,19.5,27.5,42723.34
1,2022-10-01,2022-10-01T02:30,2022-10-01T14:21,0.00,0.00,0.00,31.6,19.0,25.0,42593.52
1,2022-10-02,2022-10-02T02:31,2022-10-02T14:19,0.00,0.00,0.00,28.7,17.0,23.3,42463.91
1,2022-10-03,2022-10-03T02:32,2022-10-03T14:18,0.00,0.00,0.00,29.9,15.6,23.2,42334.60
1,2022-10-04,2022-10-04T02:33,2022-10-04T14:16,0.00,0.00,0.00,34.4,18.2,26.3,42205.67
1,2022-10-05,2022-10-05T02:33,2022-10-05T14:15,0.00,0.00,0.00,33.0,17.2,25.9,42077.21
1,2022-10-06,2022-10-06T02:34,2022-10-06T14:14,0.00,0.00,0.00,32.1,18.8,25.1,41949.31
1,2022-10-07,2022-10-07T02:35,2022-10-07T14:12,0.00,0.00,0.00,29.8,14.4,22.6,41822.05
1,2022-10-08,2022-10-08T02:36,2022-10-08T14:11,0.00,0.00,0.00,28.5,14.3,21.5,41695.52
1,2022-10-09,2022-10-09T02:37,2022-10-09T14:10,0.00,0.00,0.00,28.6,13.4,21.4,41569.80
1,2022-10-10,2022-10-10T02:37,2022-10-10T14:08,0.00,0.00,0.00,28.9,14.2,22.0,41444.82
1,2022-10-11,2022-10-11T02:38,2022-10-11T14:07,0.00,0.00,0.00,33.4,16.2,24.4,41319.64
1,2022-10-12,2022-10-12T02:39,2022-10-12T14:06,0.00,0.00,0.00,28.7,16.2,22.3,41194.16
1,2022-10-13,2022-10-13T02:40,2022-10-13T14:05,0.00,0.00,0.00,27.5,14.2,21.2,41068.49
1,2022-10-14,2022-10-14T02:41,2022-10-14T14:03,0.00,0.00,0.00,28.8,14.4,22.4,40942.72
1,2022-10-15,2022-10-15T02:41,2022-10-15T14:02,0.00,0.00,0.00,31.3,15.7,23.9,40816.95
1,2022-10-16,2022-10-16T02:42,2022-10-16T14:01,0.00,0.00,0.00,30.5,16.6,23.8,40691.28
1,2022-10-17,2022-10-17T02:43,2022-10-17T13:59,0.00,0.00,0.00,30.0,15.7,23.0,40565.79
1,2022-10-18,2022-10-18T02:44,2022-10-18T13:58,0.00,0.00,0.00,28.7,14.7,21.6,40440.61
1,2022-10-19,2022-10-19T02:45,2022-10-19T13:57,0.00,0.00,0.00,24.9,13.8,19.6,40315.81
1,2022-10-20,2022-10-20T02:46,2022-10-20T13:56,0.00,0.00,0.00,25.5,12.3,19.4,40191.51
1,2022-10-21,2022-10-21T02:46,2022-10-21T13:55,0.00,0.00,0.00,28.3,14.5,21.5,40067.81
1,2022-10-22,2022-10-22T02:47,2022-10-22T13:53,0.00,0.00,0.00,29.0,16.2,22.4,39944.81
1,2022-10-23,2022-10-23T02:48,2022-10-23T13:52,0.00,0.00,0.00,26.1,15.1,20.6,39822.63
1,2022-10-24,2022-10-24T02:49,2022-10-24T13:51,0.00,0.00,0.00,28.0,13.4,20.9,39701.37
1,2022-10-25,2022-10-25T02:50,2022-10-25T13:50,0.00,0.00,0.00,26.4,15.1,20.7,39581.13
1,2022-10-26,2022-10-26T02:51,2022-10-26T13:49,0.00,0.00,0.00,22.6,12.0,17.6,39462.04
1,2022-10-27,2022-10-27T02:52,2022-10-27T13:48,0.00,0.00,0.00,23.6,11.9,18.4,39344.21
1,2022-10-28,2022-10-28T02:53,2022-10-28T13:47,0.10,0.10,0.00,26.1,13.6,20.0,39227.75
1,2022-10-29,2022-10-29T02:54,2022-10-29T13:46,0.00,0.00,0.00,25.7,12.9,19.0,39112.78
1,2022-10-30,2022-10-30T02:54,2022-10-30T13:45,0.00,0.00,0.00,22.5,10.7,17.2,38999.23
1,2022-10-31,2022-10-31T02:55,2022-10-31T13:44,0.10,0.10,0.00,24.7,12.1,18.6,38886.08
1,2022-11-01,2022-11-01T02:56,2022-11-01T13:43,0.00,0.00,0.00,26.3,13.8,19.9,38773.25
1,2022-11-02,2022-11-02T02:57,2022-11-02T13:42,2.40,2.40,0.00,20.9,10.1,15.9,38660.85
1,2022-11-03,2022-11-03T02:58,2022-11-03T13:41,0.00,0.00,0.00,21.0,9.5,15.1,38548.99
1,2022-11-04,2022-11-04T02:59,2022-11-04T13:40,0.00,0.00,0.00,21.6,11.3,16.0,38437.80
1,2022-11-05,2022-11-05T03:00,2022-11-05T13:39,0.00,0.00,0.00,22.1,9.6,15.9,38327.38
1,2022-11-06,2022-11-06T03:01,2022-11-06T13:38,0.00,0.00,0.00,21.9,9.5,15.7,38217.84
1,2022-11-07,2022-11-07T03:02,2022-11-07T13:37,0.00,0.00,0.00,19.1,6.8,12.7,38109.33
1,2022-11-08,2022-11-08T03:03,2022-11-08T13:36,0.00,0.00,0.00,15.9,5.3,11.3,38001.96
1,2022-11-09,2022-11-09T03:04,2022-11-09T13:36,0.00,0.00,0.00,16.3,4.6,11.0,37895.84
1,2022-11-10,2022-11-10T03:05,2022-11-10T13:35,0.10,0.10,0.00,17.0,7.6,11.8,37791.12
1,2022-11-11,2022-11-11T03:06,2022-11-11T13:34,2.10,2.10,0.00,15.0,7.1,10.7,37687.92
1,2022-11-12,2022-11-12T03:07,2022-11-12T13:33,0.40,0.40,0.00,15.8,8.7,11.7,37586.37
1,2022-11-13,2022-11-13T03:08,2022-11-13T13:33,0.00,0.00,0.00,17.2,6.2,11.7,37486.60
1,2022-11-14,2022-11-14T03:09,2022-11-14T13:32,0.00,0.00,0.00,18.2,5.5,12.5,37388.75
1,2022-11-15,2022-11-15T03:10,2022-11-15T13:31,0.00,0.00,0.00,19.6,8.7,13.6,37292.97
1,2022-11-16,2022-11-16T03:10,2022-11-16T13:31,0.40,0.40,0.00,16.5,5.4,11.6,37199.38
1,2022-11-17,2022-11-17T03:11,2022-11-17T13:30,0.00,0.00,0.00,15.8,8.4,11.8,37108.14
1,2022-11-18,2022-11-18T03:12,2022-11-18T13:30,0.00,0.00,0.00,20.2,8.2,14.2,37019.38
1,2022-11-19,2022-11-19T03:13,2022-11-19T13:29,0.00,0.00,0.00,19.4,7.8,13.5,36933.08
1,2022-11-20,2022-11-20T03:14,2022-11-20T13:29,0.00,0.00,0.00,18.6,6.1,12.3,36848.30
1,2022-11-21,2022-11-21T03:15,2022-11-21T13:28,0.00,0.00,0.00,18.5,6.0,12.1,36764.97
1,2022-11-22,2022-11-22T03:16,2022-11-22T13:28,0.00,0.00,0.00,18.1,5.1,11.4,36683.18
1,2022-11-23,2022-11-23T03:17,2022-11-23T13:27,0.00,0.00,0.00,17.6,4.5,10.8,36603.05
1,2022-11-24,2022-11-24T03:18,2022-11-24T13:27,0.00,0.00,0.00,18.2,4.4,11.3,36524.68
1,2022-11-25,2022-11-25T03:19,2022-11-25T13:27,0.00,0.00,0.00,18.3,7.0,12.6,36448.18
1,2022-11-26,2022-11-26T03:20,2022-11-26T13:26,0.00,0.00,0.00,19.6,8.8,13.4,36373.65
1,2022-11-27,2022-11-27T03:21,2022-11-27T13:26,0.00,0.00,0.00,21.5,8.2,14.5,36301.22
1,2022-11-28,2022-11-28T03:22,2022-11-28T13:26,0.00,0.00,0.00,17.2,6.4,12.1,36230.98
1,2022-11-29,2022-11-29T03:23,2022-11-29T13:26,0.00,0.00,0.00,16.7,5.7,11.2,36163.06
1,2022-11-30,2022-11-30T03:24,2022-11-30T13:25,0.00,0.00,0.00,16.4,6.5,11.2,36097.57
1,2022-12-01,2022-12-01T03:25,2022-12-01T13:25,8.70,8.70,0.00,15.3,5.8,9.9,36034.60
1,2022-12-02,2022-12-02T03:25,2022-12-02T13:25,0.00,0.00,0.00,14.0,5.2,9.0,35974.29
1,2022-12-03,2022-12-03T03:26,2022-12-03T13:25,0.00,0.00,0.00,14.4,4.0,9.1,35916.75
1,2022-12-04,2022-12-04T03:27,2022-12-04T13:25,0.00,0.00,0.00,9.7,5.2,7.0,35862.10
1,2022-12-05,2022-12-05T03:28,2022-12-05T13:25,0.50,0.50,0.00,4.9,3.2,4.1,35810.44
1,2022-12-06,2022-12-06T03:29,2022-12-06T13:25,0.50,0.50,0.00,8.4,2.7,5.3,35761.89
1,2022-12-07,2022-12-07T03:30,2022-12-07T13:25,2.60,2.60,0.00,9.1,0.4,4.8,35716.57
1,2022-12-08,2022-12-08T03:30,2022-12-08T13:25,0.00,0.00,0.00,10.1,0.9,5.3,35674.60
1,2022-12-09,2022-12-09T03:31,2022-12-09T13:25,0.00,0.00,0.00,10.2,1.9,5.6,35635.98
1,2022-12-10,2022-12-10T03:32,2022-12-10T13:25,0.00,0.00,0.00,8.4,2.5,5.0,35600.25
1,2022-12-11,2022-12-11T03:33,2022-12-11T13:25,0.00,0.00,0.00,10.0,1.0,5.5,35567.32
1,2022-12-12,2022-12-12T03:33,2022-12-12T13:26,0.00,0.00,0.00,9.6,0.3,5.5,35537.24
1,2022-12-13,2022-12-13T03:34,2022-12-13T13:26,0.00,0.00,0.00,11.5,2.1,6.5,35510.04
1,2022-12-14,2022-12-14T03:35,2022-12-14T13:26,0.80,0.80,0.00,11.3,3.6,6.6,35485.73
1,2022-12-15,2022-12-15T03:35,2022-12-15T13:26,0.00,0.00,0.00,12.0,2.5,7.0,35464.35
1,2022-12-16,2022-12-16T03:36,2022-12-16T13:27,0.00,0.00,0.00,13.7,2.9,8.1,35445.93
1,2022-12-17,2022-12-17T03:37,2022-12-17T13:27,0.10,0.10,0.00,13.7,5.2,8.7,35430.47
1,2022-12-18,2022-12-18T03:37,2022-12-18T13:28,0.00,0.00,0.00,13.4,3.4,7.8,35418.02
1,2022-12-19,2022-12-19T03:38,2022-12-19T13:28,0.00,0.00,0.00,13.8,2.4,7.6,35408.59
1,2022-12-20,2022-12-20T03:38,2022-12-20T13:28,0.00,0.00,0.00,12.6,1.7,6.6,35402.21
1,2022-12-21,2022-12-21T03:39,2022-12-21T13:29,0.00,0.00,0.00,10.8,0.9,5.7,35398.90
1,2022-12-22,2022-12-22T03:39,2022-12-22T13:29,0.00,0.00,0.00,10.5,0.4,5.4,35398.66
1,2022-12-23,2022-12-23T03:40,2022-12-23T13:30,0.30,0.30,0.00,10.7,0.4,6.5,35401.52
1,2022-12-24,2022-12-24T03:40,2022-12-24T13:30,2.60,2.60,0.00,7.4,1.1,3.8,35407.50
1,2022-12-25,2022-12-25T03:41,2022-12-25T13:31,2.60,1.00,1.12,9.2,0.7,4.7,35416.62
1,2022-12-26,2022-12-26T03:41,2022-12-26T13:32,0.00,0.00,0.00,11.3,1.0,5.8,35428.86
1,2022-12-27,2022-12-27T03:42,2022-12-27T13:32,0.60,0.60,0.00,9.8,1.0,6.1,35444.27
1,2022-12-28,2022-12-28T03:42,2022-12-28T13:33,0.30,0.30,0.00,9.2,3.0,5.9,35462.84
1,2022-12-29,2022-12-29T03:42,2022-12-29T13:33,0.00,0.00,0.00,10.1,0.5,4.6,35484.63
1,2022-12-30,2022-12-30T03:42,2022-12-30T13:34,0.00,0.00,0.00,9.9,0.0,4.1,35509.87
1,2022-12-31,2022-12-31T03:43,2022-12-31T13:35,0.00,0.00,0.00,9.1,-1.1,3.5,35538.53
1,2023-01-01,2023-01-01T03:43,2023-01-01T13:36,0.00,0.00,0.00,10.6,-1.2,4.0,35570.52
1,2023-01-02,2023-01-02T03:43,2023-01-02T13:36,0.00,0.00,0.00,10.0,-2.0,3.6,35605.75
1,2023-01-03,2023-01-03T03:43,2023-01-03T13:37,0.00,0.00,0.00,10.4,-2.4,3.5,35644.14
1,2023-01-04,2023-01-04T03:43,2023-01-04T13:38,0.80,0.20,0.42,8.1,-2.2,3.2,35685.61
1,2023-01-05,2023-01-05T03:43,2023-01-05T13:39,0.50,0.50,0.00,8.3,0.2,3.8,35730.06
1,2023-01-06,2023-01-06T03:43,2023-01-06T13:40,0.00,0.00,0.00,8.8,-0.2,4.1,35777.40
1,2023-01-07,2023-01-07T03:43,2023-01-07T13:40,0.00,0.00,0.00,12.1,2.8,7.0,35827.55
1,2023-01-08,2023-01-08T03:43,2023-01-08T13:41,0.00,0.00,0.00,13.7,4.2,8.1,35880.43
1,2023-01-09,2023-01-09T03:43,2023-01-09T13:42,0.00,0.00,0.00,12.2,2.7,7.1,35935.92
1,2023-01-10,2023-01-10T03:43,2023-01-10T13:43,5.30,0.30,3.50,3.5,1.2,1.8,35993.95
1,2023-01-11,2023-01-11T03:43,2023-01-11T13:44,0.00,0.00,0.00,4.4,-2.9,1.4,36054.44
1,2023-01-12,2023-01-12T03:43,2023-01-12T13:45,0.00,0.00,0.00,4.9,-3.3,0.7,36117.28
1,2023-01-13,2023-01-13T03:43,2023-01-13T13:46,0.00,0.00,0.00,3.5,-3.7,-0.7,36182.40
1,2023-01-14,2023-01-14T03:43,2023-01-14T13:47,0.00,0.00,0.00,3.6,-3.9,-0.3,36249.71
1,2023-01-15,2023-01-15T03:43,2023-01-15T13:48,7.50,0.00,5.25,3.2,-2.8,-0.2,36319.11
1,2023-01-16,2023-01-16T03:42,2023-01-16T13:49,0.00,0.00,0.00,7.3,-3.4,2.0,36390.53
1,2023-01-17,2023-01-17T03:42,2023-01-17T13:50,0.00,0.00,0.00,6.2,-1.4,2.5,36463.87
1,2023-01-18,2023-01-18T03:42,2023-01-18T13:51,0.00,0.00,0.00,10.4,-1.4,3.7,36539.21
1,2023-01-19,2023-01-19T03:41,2023-01-19T13:51,0.00,0.00,0.00,10.8,-1.5,3.5,36617.37
1,2023-01-20,2023-01-20T03:41,2023-01-20T13:52,0.00,0.00,0.00,9.2,-1.9,3.0,36698.37
1,2023-01-21,2023-01-21T03:41,2023-01-21T13:53,0.00,0.00,0.00,8.5,-2.2,2.9,36782.05
1,2023-01-22,2023-01-22T03:40,2023-01-22T13:54,0.00,0.00,0.00,7.5,-0.7,2.6,36868.28
1,2023-01-23,2023-01-23T03:40,2023-01-23T13:55,0.00,0.00,0.00,7.5,-1.4,2.2,36956.92
1,2023-01-24,2023-01-24T03:39,2023-01-24T13:56,0.00,0.00,0.00,6.8,-1.6,2.1,37047.82
1,2023-01-25,2023-01-25T03:39,2023-01-25T13:57,0.00,0.00,0.00,6.8,-1.0,2.3,37140.84
1,2023-01-26,2023-01-26T03:38,2023-01-26T13:58,0.00,0.00,0.00,7.3,-2.3,2.5,37235.85
1,2023-01-27,2023-01-27T03:37,2023-01-27T13:59,0.00,0.00,0.00,6.5,-1.6,2.1,37332.72
1,2023-01-28,2023-01-28T03:37,2023-01-28T14:00,0.00,0.00,0.00,11.4,-2.0,4.2,37431.30
1,2023-01-29,2023-01-29T03:36,2023-01-29T14:01,0.90,0.90,0.00,11.0,1.9,6.1,37531.47
1,2023-01-30,2023-01-30T03:35,2023-01-30T14:02,5.10,5.10,0.00,11.7,0.9,6.0,37633.11
1,2023-01-31,2023-01-31T03:35,2023-01-31T14:03,3.10,3.10,0.00,9.2,3.6,6.3,37736.07
1,2023-02-01,2023-02-01T03:34,2023-02-01T14:05,0.10,0.10,0.00,13.2,2.0,7.1,37840.25
1,2023-02-02,2023-02-02T03:33,2023-02-02T14:06,0.00,0.00,0.00,13.2,1.4,7.0,37945.52
1,2023-02-03,2023-02-03T03:33,2023-02-03T14:07,0.00,0.00,0.00,11.1,-0.3,4.9,38051.75
1,2023-02-04,2023-02-04T03:32,2023-02-04T14:08,0.00,0.00,0.00,9.5,-0.5,3.7,38158.84
1,2023-02-05,2023-02-05T03:31,2023-02-05T14:09,0.00,0.00,0.00,10.1,-1.4,4.4,38266.65
1,2023-02-06,2023-02-06T03:30,2023-02-06T14:10,0.00,0.00,0.00,11.4,1.6,6.0,38375.08
1,2023-02-07,2023-02-07T03:29,2023-02-07T14:10,0.80,0.80,0.00,13.2,1.0,7.2,38484.21
1,2023-02-08,2023-02-08T03:28,2023-02-08T14:11,0.60,0.60,0.00,12.3,2.0,7.1,38595.09
1,2023-02-09,2023-02-09T03:28,2023-02-09T14:12,0.80,0.50,0.21,8.4,-1.1,3.3,38707.79
1,2023-02-10,2023-02-10T03:27,2023-02-10T14:13,0.00,0.00,0.00,6.7,-2.6,1.6,38822.15
1,2023-02-11,2023-02-11T03:26,2023-02-11T14:14,0.00,0.00,0.00,6.5,-3.2,1.8,38938.06
1,2023-02-12,2023-02-12T03:25,2023-02-12T14:15,16.30,0.10,11.34,1.9,-1.2,0.6,39055.39
1,2023-02-13,2023-02-13T03:24,2023-02-13T14:16,1.30,0.00,0.91,2.1,-2.3,-0.4,39174.01
1,2023-02-14,2023-02-14T03:23,2023-02-14T14:17,9.80,8.30,1.05,8.2,-2.6,3.6,39293.80
1,2023-02-15,2023-02-15T03:22,2023-02-15T14:18,10.30,10.20,0.07,5.6,1.8,3.4,39414.63
1,2023-02-16,2023-02-16T03:21,2023-02-16T14:19,0.20,0.20,0.00,11.1,-0.6,5.0,39536.39
1,2023-02-17,2023-02-17T03:19,2023-02-17T14:20,0.00,0.00,0.00,9.5,-1.9,2.8,39658.96
1,2023-02-18,2023-02-18T03:18,2023-02-18T14:21,0.00,0.00,0.00,12.5,-3.0,3.8,39782.21
1,2023-02-19,2023-02-19T03:17,2023-02-19T14:22,0.00,0.00,0.00,14.4,1.0,7.4,39906.05
1,2023-02-20,2023-02-20T03:16,2023-02-20T14:23,0.00,0.00,0.00,16.3,4.5,9.2,40030.37
1,2023-02-21,2023-02-21T03:15,2023-02-21T14:24,0.00,0.00,0.00,16.9,3.3,9.9,40155.03
1,2023-02-22,2023-02-22T03:14,2023-02-22T14:25,0.00,0.00,0.00,19.0,5.8,11.7,40279.95
1,2023-02-23,2023-02-23T03:13,2023-02-23T14:26,0.00,0.00,0.00,18.2,5.5,11.6,40405.01
1,2023-02-24,2023-02-24T03:11,2023-02-24T14:27,0.10,0.10,0.00,17.8,3.9,10.6,40530.11
1,2023-02-25,2023-02-25T03:10,2023-02-25T14:28,0.00,0.00,0.00,13.7,2.3,8.2,40655.14
1,2023-02-26,2023-02-26T03:09,2023-02-26T14:28,0.00,0.00,0.00,16.9,3.9,10.9,40780.00
1,2023-02-27,2023-02-27T03:08,2023-02-27T14:29,0.00,0.00,0.00,19.7,5.5,13.2,40904.78
1,2023-02-28,2023-02-28T03:07,2023-02-28T14:30,0.00,0.00,0.00,19.4,7.4,13.3,41030.48
1,2023-03-01,2023-03-01T03:05,2023-03-01T14:31,0.00,0.00,0.00,20.9,7.3,14.3,41157.19
1,2023-03-02,2023-03-02T03:04,2023-03-02T14:32,0.00,0.00,0.00,22.5,7.0,15.5,41284.82
1,2023-03-03,2023-03-03T03:03,2023-03-03T14:33,0.00,0.00,0.00,23.6,12.0,17.3,41413.26
1,2023-03-04,2023-03-04T03:02,2023-03-04T14:34,0.30,0.30,0.00,23.4,12.2,18.0,41542.41
1,2023-03-05,2023-03-05T03:00,2023-03-05T14:35,0.00,0.00,0.00,26.4,12.6,19.7,41672.19
1,2023-03-06,2023-03-06T02:59,2023-03-06T14:35,0.00,0.00,0.00,28.8,15.9,22.2,41802.49
1,2023-03-07,2023-03-07T02:58,2023-03-07T14:36,1.10,1.10,0.00,22.4,11.4,17.5,41933.22
1,2023-03-08,2023-03-08T02:56,2023-03-08T14:37,6.90,6.90,0.00,15.5,8.7,12.3,42064.29
1,2023-03-09,2023-03-09T02:55,2023-03-09T14:38,2.00,2.00,0.00,17.4,8.7,13.2,42195.60
1,2023-03-10,2023-03-10T02:54,2023-03-10T14:39,0.20,0.20,0.00,17.8,10.4,13.2,42327.07
1,2023-03-11,2023-03-11T02:52,2023-03-11T14:40,0.00,0.00,0.00,20.1,8.7,13.8,42458.60
1,2023-03-12,2023-03-12T02:51,2023-03-12T14:40,0.00,0.00,0.00,21.7,6.5,14.6,42590.10
1,2023-03-13,2023-03-13T02:50,2023-03-13T14:41,0.90,0.90,0.00,18.3,9.7,14.0,42721.49
1,2023-03-14,2023-03-14T02:48,2023-03-14T14:42,0.00,0.00,0.00,21.6,9.9,15.9,42852.66
1,2023-03-15,2023-03-15T02:47,2023-03-15T14:43,0.00,0.00,0.00,22.9,10.3,17.5,42983.55
1,2023-03-16,2023-03-16T02:45,2023-03-16T14:44,0.00,0.00,0.00,22.4,12.4,16.4,43114.04
1,2023-03-17,2023-03-17T02:44,2023-03-17T14:44,0.00,0.00,0.00,23.6,11.8,16.9,43244.07
1,2023-03-18,2023-03-18T02:43,2023-03-18T14:45,0.00,0.00,0.00,23.7,9.6,17.3,43373.52
1,2023-03-19,2023-03-19T02:41,2023-03-19T14:46,0.00,0.00,0.00,22.8,9.4,16.7,43502.48
1,2023-03-20,2023-03-20T02:40,2023-03-20T14:47,0.00,0.00,0.00,23.7,9.5,17.9,43631.89
1,2023-03-21,2023-03-21T02:39,2023-03-21T14:48,4.70,4.70,0.00,22.7,9.5,15.3,43761.83
1,2023-03-22,2023-03-22T02:37,2023-03-22T14:48,4.80,4.80,0.00,11.1,7.7,9.1,43892.21
1,2023-03-23,2023-03-23T02:36,2023-03-23T14:49,0.00,0.00,0.00,17.9,7.0,12.6,44022.96
1,2023-03-24,2023-03-24T02:34,2023-03-24T14:50,0.00,0.00,0.00,21.0,7.3,14.5,44154.00
1,2023-03-25,2023-03-25T02:33,2023-03-25T14:51,0.00,0.00,0.00,23.0,8.5,16.4,44285.23
1,2023-03-26,2023-03-26T02:32,2023-03-26T14:52,0.20,0.20,0.00,22.9,10.6,17.4,44416.57
1,2023-03-27,2023-03-27T02:30,2023-03-27T14:52,3.10,3.10,0.00,23.3,12.5,17.2,44547.95
1,2023-03-28,2023-03-28T02:29,2023-03-28T14:53,0.40,0.40,0.00,22.7,13.1,18.2,44679.29
1,2023-03-29,2023-03-29T02:27,2023-03-29T14:54,0.00,0.00,0.00,26.3,14.6,20.5,44810.49
1,2023-03-30,2023-03-30T02:26,2023-03-30T14:55,0.00,0.00,0.00,27.2,13.8,20.8,44941.47
1,2023-03-31,2023-03-31T02:25,2023-03-31T14:56,0.00,0.00,0.00,25.2,13.6,18.8,45072.16
1,2023-04-01,2023-04-01T02:23,2023-04-01T14:56,0.00,0.00,0.00,18.7,6.7,13.3,45202.46
1,2023-04-02,2023-04-02T02:22,2023-04-02T14:57,0.00,0.00,0.00,20.1,5.1,13.6,45332.29
1,2023-04-03,2023-04-03T02:21,2023-04-03T14:58,0.00,0.00,0.00,22.1,9.4,16.2,45461.55
1,2023-04-04,2023-04-04T02:19,2023-04-04T14:59,0.00,0.00,0.00,23.6,10.3,17.6,45590.16
1,2023-04-05,2023-04-05T02:18,2023-04-05T14:59,0.00,0.00,0.00,26.8,10.3,19.8,45718.05
1,2023-04-06,2023-04-06T02:16,2023-04-06T15:00,0.00,0.00,0.00,28.5,17.2,23.0,45845.10
1,2023-04-07,2023-04-07T02:15,2023-04-07T15:01,0.00,0.00,0.00,30.7,17.1,23.3,45971.23
1,2023-04-08,2023-04-08T02:14,2023-04-08T15:02,0.00,0.00,0.00,29.0,13.8,22.6,46096.50
1,2023-04-09,2023-04-09T02:13,2023-04-09T15:03,0.00,0.00,0.00,29.8,17.6,24.3,46221.81
1,2023-04-10,2023-04-10T02:11,2023-04-10T15:03,0.00,0.00,0.00,29.2,15.7,23.4,46347.23
1,2023-04-11,2023-04-11T02:10,2023-04-11T15:04,0.00,0.00,0.00,29.9,15.3,23.9,46472.68
1,2023-04-12,2023-04-12T02:09,2023-04-12T15:05,2.20,2.20,0.00,30.7,17.5,22.7,46598.07
1,2023-04-13,2023-04-13T02:07,2023-04-13T15:06,1.00,1.00,0.00,27.5,12.8,19.6,46723.33
1,2023-04-14,2023-04-14T02:06,2023-04-14T15:07,0.00,0.00,0.00,22.2,12.2,17.0,46848.36
1,2023-04-15,2023-04-15T02:05,2023-04-15T15:07,0.00,0.00,0.00,24.4,11.6,18.3,46973.09
1,2023-04-16,2023-04-16T02:03,2023-04-16T15:08,0.00,0.00,0.00,23.9,12.0,18.4,47097.42
1,2023-04-17,2023-04-17T02:02,2023-04-17T15:09,0.00,0.00,0.00,24.1,10.4,17.7,47221.25
1,2023-04-18,2023-04-18T02:01,2023-04-18T15:10,0.20,0.20,0.00,24.9,12.7,19.0,47344.51
1,2023-04-19,2023-04-19T02:00,2023-04-19T15:11,0.00,0.00,0.00,27.6,11.8,21.5,47467.09
1,2023-04-20,2023-04-20T01:58,2023-04-20T15:11,0.00,0.00,0.00,29.9,15.6,23.8,47588.91
1,2023-04-21,2023-04-21T01:57,2023-04-21T15:12,0.00,0.00,0.00,32.4,20.1,26.1,47709.86
1,2023-04-22,2023-04-22T01:56,2023-04-22T15:13,1.40,1.40,0.00,31.1,19.0,24.7,47829.86
1,2023-04-23,2023-04-23T01:55,2023-04-23T15:14,0.00,0.00,0.00,30.6,17.6,24.8,47948.78
1,2023-04-24,2023-04-24T01:54,2023-04-24T15:14,0.00,0.00,0.00,30.9,16.4,25.4,48066.55
1,2023-04-25,2023-04-25T01:52,2023-04-25T15:15,0.40,0.40,0.00,30.6,18.5,23.9,48183.04
1,2023-04-26,2023-04-26T01:51,2023-04-26T15:16,0.00,0.00,0.00,27.9,15.5,22.6,48298.16
1,2023-04-27,2023-04-27T01:50,2023-04-27T15:17,0.00,0.00,0.00,28.9,16.6,23.0,48411.80
1,2023-04-28,2023-04-28T01:49,2023-04-28T15:18,0.00,0.00,0.00,29.4,15.0,23.9,48524.01
1,2023-04-29,2023-04-29T01:48,2023-04-29T15:18,0.00,0.00,0.00,31.7,16.8,25.3,48635.62
1,2023-04-30,2023-04-30T01:47,2023-04-30T15:19,0.00,0.00,0.00,32.2,19.1,26.2,48746.71
1,2023-05-01,2023-05-01T01:46,2023-05-01T15:20,2.00,2.00,0.00,31.0,17.6,22.6,48857.20
1,2023-05-02,2023-05-02T01:45,2023-05-02T15:21,0.00,0.00,0.00,27.2,16.1,21.1,48966.98
1,2023-05-03,2023-05-03T01:44,2023-05-03T15:22,0.00,0.00,0.00,30.6,13.4,21.6,49075.96
1,2023-05-04,2023-05-04T01:43,2023-05-04T15:22,0.00,0.00,0.00,24.7,11.9,17.5,49184.06
1,2023-05-05,2023-05-05T01:42,2023-05-05T15:23,0.00,0.00,0.00,26.1,11.7,20.2,49291.18
1,2023-05-06,2023-05-06T01:41,2023-05-06T15:24,0.00,0.00,0.00,29.5,13.3,22.9,49397.21
1,2023-05-07,2023-05-07T01:40,2023-05-07T15:25,0.00,0.00,0.00,32.5,15.8,25.4,49502.05
1,2023-05-08,2023-05-08T01:39,2023-05-08T15:26,0.00,0.00,0.00,35.7,17.7,27.8,49605.62
1,2023-05-09,2023-05-09T01:38,2023-05-09T15:26,1.40,1.40,0.00,32.0,17.9,24.7,49707.79
1,2023-05-10,2023-05-10T01:37,2023-05-10T15:27,0.50,0.50,0.00,28.7,16.9,22.7,49808.48
1,2023-05-11,2023-05-11T01:37,2023-05-11T15:28,0.00,0.00,0.00,30.1,14.7,23.9,49907.57
1,2023-05-12,2023-05-12T01:36,2023-05-12T15:29,0.00,0.00,0.00,32.8,19.1,27.2,50004.95
1,2023-05-13,2023-05-13T01:35,2023-05-13T15:30,0.00,0.00,0.00,35.2,19.8,28.4,50100.50
1,2023-05-14,2023-05-14T01:34,2023-05-14T15:30,0.00,0.00,0.00,34.1,17.1,25.9,50194.13
1,2023-05-15,2023-05-15T01:33,2023-05-15T15:31,0.00,0.00,0.00,33.0,12.7,20.6,50285.72
1,2023-05-16,2023-05-16T01:33,2023-05-16T15:32,0.00,0.00,0.00,25.9,12.4,18.9,50375.14
1,2023-05-17,2023-05-17T01:32,2023-05-17T15:33,0.00,0.00,0.00,27.3,11.6,20.8,50462.29
1,2023-05-18,2023-05-18T01:31,2023-05-18T15:33,0.00,0.00,0.00,35.2,15.6,26.9,50547.18
1,2023-05-19,2023-05-19T01:31,2023-05-19T15:34,0.00,0.00,0.00,34.7,21.2,29.1,50630.49
1,2023-05-20,2023-05-20T01:30,2023-05-20T15:35,0.40,0.40,0.00,35.1,22.4,28.6,50712.30
1,2023-05-21,2023-05-21T01:29,2023-05-21T15:36,0.00,0.00,0.00,32.6,19.5,26.3,50792.52
1,2023-05-22,2023-05-22T01:29,2023-05-22T15:36,0.00,0.00,0.00,35.3,18.4,27.7,50871.05
1,2023-05-23,2023-05-23T01:28,2023-05-23T15:37,0.00,0.00,0.00,34.4,22.1,29.2,50947.84
1,2023-05-24,2023-05-24T01:28,2023-05-24T15:38,0.00,0.00,0.00,36.5,21.6,30.2,51022.80
1,2023-05-25,2023-05-25T01:27,2023-05-25T15:39,0.10,0.10,0.00,37.1,25.2,30.9,51095.83
1,2023-05-26,2023-05-26T01:27,2023-05-26T15:39,0.00,0.00,0.00,34.0,23.2,28.3,51166.85
1,2023-05-27,2023-05-27T01:26,2023-05-27T15:40,0.00,0.00,0.00,35.0,22.7,29.4,51235.79
1,2023-05-28,2023-05-28T01:26,2023-05-28T15:41,0.00,0.00,0.00,34.8,21.5,29.5,51302.55
1,2023-05-29,2023-05-29T01:25,2023-05-29T15:41,0.00,0.00,0.00,36.6,22.6,31.0,51367.05
1,2023-05-30,2023-05-30T01:25,2023-05-30T15:42,0.00,0.00,0.00,38.0,24.3,31.5,51429.20
1,2023-05-31,2023-05-31T01:25,2023-05-31T15:43,1.60,1.60,0.00,33.4,22.7,28.6,51488.92
1,2023-06-01,2023-06-01T01:24,2023-06-01T15:43,0.00,0.00,0.00,37.5,21.5,30.4,51546.11
1,2023-06-02,2023-06-02T01:24,2023-06-02T15:44,0.00,0.00,0.00,34.9,23.3,30.3,51600.70
1,2023-06-03,2023-06-03T01:24,2023-06-03T15:44,0.00,0.00,0.00,35.9,23.1,30.7,51652.59
1,2023-06-04,2023-06-04T01:23,2023-06-04T15:45,0.00,0.00,0.00,36.2,23.1,30.9,51701.69
1,2023-06-05,2023-06-05T01:23,2023-06-05T15:46,0.00,0.00,0.00,38.5,24.3,31.6,51747.92
1,2023-06-06,2023-06-06T01:23,2023-06-06T15:46,0.00,0.00,0.00,36.3,23.5,30.3,51791.19
1,2023-06-07,2023-06-07T01:23,2023-06-07T15:47,0.10,0.10,0.00,33.6,24.0,27.9,51831.48
1,2023-06-08,2023-06-08T01:23,2023-06-08T15:47,0.90,0.90,0.00,32.4,20.4,25.5,51869.14
1,2023-06-09,2023-06-09T01:23,2023-06-09T15:48,0.00,0.00,0.00,29.6,18.5,25.0,51904.21
1,2023-06-10,2023-06-10T01:22,2023-06-10T15:48,0.00,0.00,0.00,33.6,20.4,28.0,51936.65
1,2023-06-11,2023-06-11T01:22,2023-06-11T15:48,0.30,0.30,0.00,36.6,23.2,29.8,51966.45
1,2023-06-12,2023-06-12T01:22,2023-06-12T15:49,0.00,0.00,0.00,36.5,22.4,31.1,51993.58
1,2023-06-13,2023-06-13T01:22,2023-06-13T15:49,0.00,0.00,0.00,39.1,24.8,33.0,52018.02
1,2023-06-14,2023-06-14T01:22,2023-06-14T15:50,0.00,0.00,0.00,39.1,25.7,33.6,52039.75
1,2023-06-15,2023-06-15T01:22,2023-06-15T15:50,0.00,0.00,0.00,38.0,26.0,32.6,52058.74
1,2023-06-16,2023-06-16T01:23,2023-06-16T15:50,0.00,0.00,0.00,38.1,24.9,31.5,52074.99
1,2023-06-17,2023-06-17T01:23,2023-06-17T15:51,0.00,0.00,0.00,38.7,23.8,32.1,52088.46
1,2023-06-18,2023-06-18T01:23,2023-06-18T15:51,0.00,0.00,0.00,40.3,25.1,33.8,52099.15
1,2023-06-19,2023-06-19T01:23,2023-06-19T15:51,0.00,0.00,0.00,40.3,25.1,32.8,52107.04
1,2023-06-20,2023-06-20T01:23,2023-06-20T15:52,0.00,0.00,0.00,39.4,23.5,32.4,52112.10
1,2023-06-21,2023-06-21T01:23,2023-06-21T15:52,0.00,0.00,0.00,38.7,23.7,31.6,52114.34
1,2023-06-22,2023-06-22T01:24,2023-06-22T15:52,0.00,0.00,0.00,37.8,22.4,30.8,52113.72
1,2023-06-23,2023-06-23T01:24,2023-06-23T15:52,0.00,0.00,0.00,36.9,23.2,30.3,52110.25
1,2023-06-24,2023-06-24T01:24,2023-06-24T15:53,0.00,0.00,0.00,36.8,23.1,29.9,52103.92
1,2023-06-25,2023-06-25T01:24,2023-06-25T15:53,0.00,0.00,0.00,35.5,22.1,29.3,52094.71
1,2023-06-26,2023-06-26T01:25,2023-06-26T15:53,0.00,0.00,0.00,36.0,24.0,30.7,52082.61
1,2023-06-27,2023-06-27T01:25,2023-06-27T15:53,0.00,0.00,0.00,40.5,23.6,33.6,52067.59
1,2023-06-28,2023-06-28T01:25,2023-06-28T15:53,0.00,0.00,0.00,40.4,26.0,33.9,52049.49
1,2023-06-29,2023-06-29T01:26,2023-06-29T15:53,0.00,0.00,0.00,39.8,25.3,33.3,52028.32
1,2023-06-30,2023-06-30T01:26,2023-06-30T15:53,0.00,0.00,0.00,42.0,27.0,34.7,52004.16
1,2023-07-01,2023-07-01T01:26,2023-07-01T15:53,0.00,0.00,0.00,41.1,26.0,33.7,51977.05
1,2023-07-02,2023-07-02T01:27,2023-07-02T15:53,0.00,0.00,0.00,38.2,24.1,31.8,51947.06
1,2023-07-03,2023-07-03T01:27,2023-07-03T15:53,0.00,0.00,0.00,39.2,24.8,33.0,51914.26
1,2023-07-04,2023-07-04T01:28,2023-07-04T15:53,0.00,0.00,0.00,39.3,27.1,34.1,51878.70
1,2023-07-05,2023-07-05T01:28,2023-07-05T15:52,0.00,0.00,0.00,39.3,27.8,33.4,51840.44
1,2023-07-06,2023-07-06T01:29,2023-07-06T15:52,0.00,0.00,0.00,37.4,26.6,32.1,51799.55
1,2023-07-07,2023-07-07T01:29,2023-07-07T15:52,0.00,0.00,0.00,37.7,26.3,32.5,51756.11
1,2023-07-08,2023-07-08T01:30,2023-07-08T15:52,0.00,0.00,0.00,39.1,25.5,33.4,51710.17
1,2023-07-09,2023-07-09T01:30,2023-07-09T15:52,0.00,0.00,0.00,41.4,26.3,34.6,51661.79
1,2023-07-10,2023-07-10T01:31,2023-07-10T15:51,0.00,0.00,0.00,40.5,25.6,34.5,51611.04
1,2023-07-11,2023-07-11T01:32,2023-07-11T15:51,0.00,0.00,0.00,41.7,28.4,35.8,51557.99
1,2023-07-12,2023-07-12T01:32,2023-07-12T15:51,0.00,0.00,0.00,42.6,26.4,34.9,51502.70
1,2023-07-13,2023-07-13T01:33,2023-07-13T15:50,0.00,0.00,0.00,41.9,26.2,34.9,51445.24
1,2023-07-14,2023-07-14T01:33,2023-07-14T15:50,0.00,0.00,0.00,40.8,28.8,35.1,51385.67
1,2023-07-15,2023-07-15T01:34,2023-07-15T15:50,0.00,0.00,0.00,43.6,26.5,36.1,51324.06
1,2023-07-16,2023-07-16T01:35,2023-07-16T15:49,0.00,0.00,0.00,42.2,27.1,34.7,51260.47
1,2023-07-17,2023-07-17T01:35,2023-07-17T15:49,0.00,0.00,0.00,39.7,24.9,32.1,51194.86
1,2023-07-18,2023-07-18T01:36,2023-07-18T15:48,0.00,0.00,0.00,37.4,23.1,30.7,51126.64
1,2023-07-19,2023-07-19T01:37,2023-07-19T15:48,0.00,0.00,0.00,38.2,24.3,32.1,51055.80
1,2023-07-20,2023-07-20T01:37,2023-07-20T15:47,0.00,0.00,0.00,40.4,27.7,35.0,50982.45
1,2023-07-21,2023-07-21T01:38,2023-07-21T15:47,0.00,0.00,0.00,40.6,30.2,35.6,50906.72
1,2023-07-22,2023-07-22T01:39,2023-07-22T15:46,0.00,0.00,0.00,41.6,29.9,36.4,50828.70
1,2023-07-23,2023-07-23T01:39,2023-07-23T15:45,0.00,0.00,0.00,40.4,30.5,35.6,50748.49
1,2023-07-24,2023-07-24T01:40,2023-07-24T15:45,0.00,0.00,0.00,40.9,29.0,35.4,50666.22
1,2023-07-25,2023-07-25T01:41,2023-07-25T15:44,0.00,0.00,0.00,42.3,28.2,35.7,50581.98
1,2023-07-26,2023-07-26T01:41,2023-07-26T15:43,0.00,0.00,0.00,41.1,27.5,34.8,50495.89
1,2023-07-27,2023-07-27T01:42,2023-07-27T15:43,0.00,0.00,0.00,38.8,26.1,33.1,50408.04
1,2023-07-28,2023-07-28T01:43,2023-07-28T15:42,0.00,0.00,0.00,40.5,27.4,34.8,50318.52
1,2023-07-29,2023-07-29T01:44,2023-07-29T15:41,0.00,0.00,0.00,42.0,27.7,35.9,50227.45
1,2023-07-30,2023-07-30T01:44,2023-07-30T15:40,0.00,0.00,0.00,39.3,29.4,34.5,50134.93
1,2023-07-31,2023-07-31T01:45,2023-07-31T15:39,0.00,0.00,0.00,40.1,27.9,34.5,50041.04
1,2023-08-01,2023-08-01T01:46,2023-08-01T15:39,0.00,0.00,0.00,40.6,27.7,35.0,49945.89
1,2023-08-02,2023-08-02T01:47,2023-08-02T15:38,0.00,0.00,0.00,41.9,27.9,36.0,49849.57
1,2023-08-03,2023-08-03T01:47,2023-08-03T15:37,0.00,0.00,0.00,43.1,29.3,37.2,49752.18
1,2023-08-04,2023-08-04T01:48,2023-08-04T15:36,0.00,0.00,0.00,42.2,28.3,36.0,49653.79
1,2023-08-05,2023-08-05T01:49,2023-08-05T15:35,0.00,0.00,0.00,41.2,26.9,35.0,49554.51
1,2023-08-06,2023-08-06T01:50,2023-08-06T15:34,0.00,0.00,0.00,40.9,27.2,35.0,49454.27
1,2023-08-07,2023-08-07T01:50,2023-08-07T15:33,0.00,0.00,0.00,41.0,30.6,35.9,49352.29
1,2023-08-08,2023-08-08T01:51,2023-08-08T15:32,0.00,0.00,0.00,39.6,26.6,33.6,49248.52
1,2023-08-09,2023-08-09T01:52,2023-08-09T15:31,0.00,0.00,0.00,37.9,24.7,32.0,49143.08
1,2023-08-10,2023-08-10T01:53,2023-08-10T15:30,0.00,0.00,0.00,38.0,25.3,32.6,49036.07
1,2023-08-11,2023-08-11T01:53,2023-08-11T15:29,0.00,0.00,0.00,38.1,24.5,32.2,48927.62
1,2023-08-12,2023-08-12T01:54,2023-08-12T15:28,0.00,0.00,0.00,38.7,24.7,32.8,48817.82
1,2023-08-13,2023-08-13T01:55,2023-08-13T15:27,0.00,0.00,0.00,37.4,25.7,31.8,48706.77
1,2023-08-14,2023-08-14T01:56,2023-08-14T15:26,0.00,0.00,0.00,35.9,24.4,30.6,48594.58
1,2023-08-15,2023-08-15T01:56,2023-08-15T15:25,0.00,0.00,0.00,34.8,22.8,29.2,48481.36
1,2023-08-16,2023-08-16T01:57,2023-08-16T15:23,0.00,0.00,0.00,35.8,20.9,28.9,48367.18
1,2023-08-17,2023-08-17T01:58,2023-08-17T15:22,0.00,0.00,0.00,36.9,19.3,29.6,48252.16
1,2023-08-18,2023-08-18T01:59,2023-08-18T15:21,0.00,0.00,0.00,38.6,20.2,31.1,48136.40
1,2023-08-19,2023-08-19T01:59,2023-08-19T15:20,0.00,0.00,0.00,38.8,23.1,32.2,48019.97
1,2023-08-20,2023-08-20T02:00,2023-08-20T15:19,0.00,0.00,0.00,38.0,24.4,32.0,47902.98
1,2023-08-21,2023-08-21T02:01,2023-08-21T15:17,0.00,0.00,0.00,36.9,24.0,31.1,47785.50
1,2023-08-22,2023-08-22T02:01,2023-08-22T15:16,0.00,0.00,0.00,39.1,23.8,32.4,47667.64
1,2023-08-23,2023-08-23T02:02,2023-08-23T15:15,0.00,0.00,0.00,40.8,24.7,33.7,47549.47
1,2023-08-24,2023-08-24T02:03,2023-08-24T15:14,0.00,0.00,0.00,39.6,25.9,33.2,47431.09
1,2023-08-25,2023-08-25T02:04,2023-08-25T15:12,0.00,0.00,0.00,39.7,23.6,32.5,47312.58
1,2023-08-26,2023-08-26T02:04,2023-08-26T15:11,0.00,0.00,0.00,37.9,23.7,30.7,47193.86
1,2023-08-27,2023-08-27T02:05,2023-08-27T15:10,0.00,0.00,0.00,34.8,22.5,29.1,47074.09
1,2023-08-28,2023-08-28T02:06,2023-08-28T15:09,0.00,0.00,0.00,35.0,22.9,29.3,46953.25
1,2023-08-29,2023-08-29T02:07,2023-08-29T15:07,0.00,0.00,0.00,38.1,21.4,31.6,46831.38
1,2023-08-30,2023-08-30T02:07,2023-08-30T15:06,0.00,0.00,0.00,38.9,24.1,31.2,46708.61
1,2023-08-31,2023-08-31T02:08,2023-08-31T15:05,0.00,0.00,0.00,34.1,22.2,28.8,46585.02
1,2023-09-01,2023-09-01T02:09,2023-09-01T15:03,0.00,0.00,0.00,37.3,23.8,30.7,46460.69
1,2023-09-02,2023-09-02T02:09,2023-09-02T15:02,0.00,0.00,0.00,38.5,24.5,31.4,46335.71
1,2023-09-03,2023-09-03T02:10,2023-09-03T15:01,0.00,0.00,0.00,39.2,24.3,32.3,46210.16
1,2023-09-04,2023-09-04T02:11,2023-09-04T14:59,0.00,0.00,0.00,38.6,25.5,32.3,46084.14
1,2023-09-05,2023-09-05T02:12,2023-09-05T14:58,0.00,0.00,0.00,39.7,24.9,33.1,45957.72
1,2023-09-06,2023-09-06T02:12,2023-09-06T14:56,0.00,0.00,0.00,39.6,25.4,33.4,45830.99
1,2023-09-07,2023-09-07T02:13,2023-09-07T14:55,0.00,0.00,0.00,39.3,27.1,33.1,45704.02
1,2023-09-08,2023-09-08T02:14,2023-09-08T14:54,0.00,0.00,0.00,39.1,25.3,32.2,45576.90
1,2023-09-09,2023-09-09T02:14,2023-09-09T14:52,0.00,0.00,0.00,40.0,24.8,32.6,45449.70
1,2023-09-10,2023-09-10T02:15,2023-09-10T14:51,0.00,0.00,0.00,39.0,22.5,31.2,45322.50
1,2023-09-11,2023-09-11T02:16,2023-09-11T14:49,0.00,0.00,0.00,35.2,21.2,28.5,45195.38
1,2023-09-12,2023-09-12T02:17,2023-09-12T14:48,0.00,0.00,0.00,36.4,21.6,30.1,45068.42
1,2023-09-13,2023-09-13T02:17,2023-09-13T14:47,0.00,0.00,0.00,39.1,23.1,31.3,44941.69
1,2023-09-14,2023-09-14T02:18,2023-09-14T14:45,0.00,0.00,0.00,37.0,21.3,29.0,44815.27
1,2023-09-15,2023-09-15T02:19,2023-09-15T14:44,0.00,0.00,0.00,32.7,20.1,26.6,44689.07
1,2023-09-16,2023-09-16T02:19,2023-09-16T14:42,0.00,0.00,0.00,31.5,19.2,26.1,44562.25
1,2023-09-17,2023-09-17T02:20,2023-09-17T14:41,0.00,0.00,0.00,33.4,18.8,26.9,44434.75
1,2023-09-18,2023-09-18T02:21,2023-09-18T14:40,0.00,0.00,0.00,33.2,19.7,26.6,44306.63
1,2023-09-19,2023-09-19T02:22,2023-09-19T14:38,0.00,0.00,0.00,31.4,17.8,24.7,44178.00
1,2023-09-20,2023-09-20T02:22,2023-09-20T14:37,0.00,0.00,0.00,31.0,17.9,25.1,44048.91
1,2023-09-21,2023-09-21T02:23,2023-09-21T14:35,0.00,0.00,0.00,32.0,18.2,25.4,43919.47
1,2023-09-22,2023-09-22T02:24,2023-09-22T14:34,0.00,0.00,0.00,32.6,17.7,25.4,43789.75
1,2023-09-23,2023-09-23T02:24,2023-09-23T14:32,0.00,0.00,0.00,32.6,17.6,25.4,43659.82
2,2022-09-23,2022-09-23T02:30,2022-09-23T14:38,0.00,0.00,0.00,30.9,20.7,25.8,43642.27
2,2022-09-24,2022-09-24T02:31,2022-09-24T14:36,2.60,2.60,0.00,26.5,22.1,24.0,43499.95
2,2022-09-25,2022-09-25T02:32,2022-09-25T14:35,47.50,47.50,0.00,22.9,16.8,18.8,43357.23
2,2022-09-26,2022-09-26T02:32,2022-09-26T14:33,4.80,4.80,0.00,21.3,17.5,19.1,43214.19
2,2022-09-27,2022-09-27T02:33,2022-09-27T14:32,0.00,0.00,0.00,24.9,17.9,20.6,43070.94
2,2022-09-28,2022-09-28T02:34,2022-09-28T14:30,0.00,0.00,0.00,27.8,18.0,22.4,42927.55
2,2022-09-29,2022-09-29T02:35,2022-09-29T14:28,2.00,2.00,0.00,27.3,19.1,23.1,42784.12
2,2022-09-30,2022-09-30T02:36,2022-09-30T14:27,0.30,0.30,0.00,25.4,16.8,21.5,42640.75
2,2022-10-01,2022-10-01T02:37,2022-10-01T14:25,0.00,0.00,0.00,24.9,17.7,20.9,42497.51
2,2022-10-02,2022-10-02T02:38,2022-10-02T14:24,0.10,0.10,0.00,25.2,17.5,21.2,42354.51
2,2022-10-03,2022-10-03T02:38,2022-10-03T14:22,0.00,0.00,0.00,27.0,16.6,22.1,42211.83
2,2022-10-04,2022-10-04T02:39,2022-10-04T14:21,0.00,0.00,0.00,28.3,19.8,23.3,42069.57
2,2022-10-05,2022-10-05T02:40,2022-10-05T14:19,0.00,0.00,0.00,27.5,18.8,22.4,41927.82
2,2022-10-06,2022-10-06T02:41,2022-10-06T14:18,1.00,1.00,0.00,25.5,20.0,22.2,41786.67
2,2022-10-07,2022-10-07T02:42,2022-10-07T14:16,2.90,2.90,0.00,22.3,19.6,20.8,41646.22
2,2022-10-08,2022-10-08T02:43,2022-10-08T14:15,2.40,2.40,0.00,24.8,19.2,21.2,41506.57
2,2022-10-09,2022-10-09T02:44,2022-10-09T14:14,0.00,0.00,0.00,25.8,18.1,21.1,41367.80
2,2022-10-10,2022-10-10T02:45,2022-10-10T14:12,0.20,0.20,0.00,28.6,17.8,21.8,41229.85
2,2022-10-11,2022-10-11T02:46,2022-10-11T14:11,0.00,0.00,0.00,25.7,17.5,21.4,41091.64
2,2022-10-12,2022-10-12T02:46,2022-10-12T14:09,2.10,2.10,0.00,22.4,17.7,19.9,40953.11
2,2022-10-13,2022-10-13T02:47,2022-10-13T14:08,6.00,6.00,0.00,21.3,18.6,19.7,40814.35
2,2022-10-14,2022-10-14T02:48,2022-10-14T14:07,1.20,1.20,0.00,21.1,18.4,19.4,40675.47
2,2022-10-15,2022-10-15T02:49,2022-10-15T14:05,0.20,0.20,0.00,23.3,18.9,20.3,40536.58
2,2022-10-16,2022-10-16T02:50,2022-10-16T14:04,2.90,2.90,0.00,24.1,19.4,21.0,40397.77
2,2022-10-17,2022-10-17T02:51,2022-10-17T14:02,8.70,8.70,0.00,20.6,18.6,19.5,40259.17
2,2022-10-18,2022-10-18T02:52,2022-10-18T14:01,20.60,20.60,0.00,19.5,16.9,18.3,40120.87
2,2022-10-19,2022-10-19T02:53,2022-10-19T14:00,1.30,1.30,0.00,21.3,14.5,17.7,39982.99
2,2022-10-20,2022-10-20T02:54,2022-10-20T13:58,0.00,0.00,0.00,28.6,14.4,21.2,39845.64
2,2022-10-21,2022-10-21T02:55,2022-10-21T13:57,7.20,7.20,0.00,21.6,16.1,19.0,39708.94
2,2022-10-22,2022-10-22T02:56,2022-10-22T13:56,33.20,33.20,0.00,16.3,14.0,14.5,39573.00
2,2022-10-23,2022-10-23T02:57,2022-10-23T13:55,6.10,6.10,0.00,19.2,13.9,15.6,39437.94
2,2022-10-24,2022-10-24T02:58,2022-10-24T13:53,1.30,1.30,0.00,18.8,13.2,15.7,39303.87
2,2022-10-25,2022-10-25T02:59,2022-10-25T13:52,0.90,0.90,0.00,20.0,14.1,16.6,39170.93
2,2022-10-26,2022-10-26T03:00,2022-10-26T13:51,0.00,0.00,0.00,20.6,13.9,17.0,39039.23
2,2022-10-27,2022-10-27T03:01,2022-10-27T13:50,1.60,1.60,0.00,21.0,14.7,17.6,38908.89
2,2022-10-28,2022-10-28T03:02,2022-10-28T13:48,14.60,14.60,0.00,19.0,14.7,16.8,38780.07
2,2022-10-29,2022-10-29T03:03,2022-10-29T13:47,39.10,39.10,0.00,16.1,13.4,15.0,38652.87
2,2022-10-30,2022-10-30T03:04,2022-10-30T13:46,0.00,0.00,0.00,19.3,12.1,15.3,38527.22
2,2022-10-31,2022-10-31T03:05,2022-10-31T13:45,0.00,0.00,0.00,22.2,12.2,16.8,38402.00
2,2022-11-01,2022-11-01T03:06,2022-11-01T13:44,6.50,6.50,0.00,19.8,13.8,16.2,38277.11
2,2022-11-02,2022-11-02T03:07,2022-11-02T13:43,0.90,0.90,0.00,16.0,12.8,14.3,38152.68
2,2022-11-03,2022-11-03T03:08,2022-11-03T13:42,1.80,1.80,0.00,19.6,12.4,15.3,38028.82
2,2022-11-04,2022-11-04T03:09,2022-11-04T13:41,0.00,0.00,0.00,19.9,13.0,15.6,37905.68
2,2022-11-05,2022-11-05T03:10,2022-11-05T13:40,0.90,0.90,0.00,17.9,11.9,14.9,37783.37
2,2022-11-06,2022-11-06T03:11,2022-11-06T13:39,38.20,38.20,0.00,15.1,11.4,12.7,37662.03
2,2022-11-07,2022-11-07T03:12,2022-11-07T13:38,29.60,29.60,0.00,12.6,10.7,11.6,37541.79
2,2022-11-08,2022-11-08T03:13,2022-11-08T13:37,0.00,0.00,0.00,14.6,8.9,11.5,37422.80
2,2022-11-09,2022-11-09T03:14,2022-11-09T13:36,0.00,0.00,0.00,16.3,7.4,12.4,37305.18
2,2022-11-10,2022-11-10T03:15,2022-11-10T13:35,4.20,4.20,0.00,15.3,11.2,13.1,37189.08
2,2022-11-11,2022-11-11T03:16,2022-11-11T13:34,8.70,8.70,0.00,15.8,12.8,13.7,37074.64
2,2022-11-12,2022-11-12T03:17,2022-11-12T13:34,19.50,19.50,0.00,14.0,10.3,12.9,36962.02
2,2022-11-13,2022-11-13T03:18,2022-11-13T13:33,0.00,0.00,0.00,18.7,8.6,12.6,36851.35
2,2022-11-14,2022-11-14T03:19,2022-11-14T13:32,0.10,0.10,0.00,17.5,8.7,13.0,36742.80
2,2022-11-15,2022-11-15T03:21,2022-11-15T13:31,1.30,1.30,0.00,16.7,9.9,13.8,36636.51
2,2022-11-16,2022-11-16T03:22,2022-11-16T13:31,0.00,0.00,0.00,17.6,12.0,14.0,36532.63
2,2022-11-17,2022-11-17T03:23,2022-11-17T13:30,0.20,0.20,0.00,22.4,11.6,16.4,36431.36
2,2022-11-18,2022-11-18T03:24,2022-11-18T13:29,0.00,0.00,0.00,23.3,13.3,16.9,36332.81
2,2022-11-19,2022-11-19T03:25,2022-11-19T13:29,0.00,0.00,0.00,20.6,11.4,14.8,36236.97
2,2022-11-20,2022-11-20T03:26,2022-11-20T13:28,0.00,0.00,0.00,21.7,9.8,14.7,36142.81
2,2022-11-21,2022-11-21T03:27,2022-11-21T13:28,0.00,0.00,0.00,22.4,9.9,14.6,36050.23
2,2022-11-22,2022-11-22T03:28,2022-11-22T13:27,0.00,0.00,0.00,25.4,11.7,17.8,35959.36
2,2022-11-23,2022-11-23T03:29,2022-11-23T13:27,0.00,0.00,0.00,21.3,11.4,15.8,35870.31
2,2022-11-24,2022-11-24T03:30,2022-11-24T13:26,0.00,0.00,0.00,19.1,12.2,14.7,35783.20
2,2022-11-25,2022-11-25T03:31,2022-11-25T13:26,0.00,0.00,0.00,20.7,13.7,15.5,35698.16
2,2022-11-26,2022-11-26T03:32,2022-11-26T13:25,0.00,0.00,0.00,24.8,12.7,16.9,35615.30
2,2022-11-27,2022-11-27T03:33,2022-11-27T13:25,0.00,0.00,0.00,17.5,10.8,14.5,35534.76
2,2022-11-28,2022-11-28T03:34,2022-11-28T13:25,0.70,0.70,0.00,15.5,11.2,13.3,35456.64
2,2022-11-29,2022-11-29T03:35,2022-11-29T13:25,3.10,3.10,0.00,16.8,10.9,13.7,35381.08
2,2022-11-30,2022-11-30T03:36,2022-11-30T13:24,11.70,11.70,0.00,12.8,9.5,11.1,35308.21
2,2022-12-01,2022-12-01T03:37,2022-12-01T13:24,12.70,12.70,0.00,10.0,8.6,9.3,35238.15
2,2022-12-02,2022-12-02T03:38,2022-12-02T13:24,2.50,2.50,0.00,11.2,8.9,9.9,35171.04
2,2022-12-03,2022-12-03T03:39,2022-12-03T13:24,40.20,40.20,0.00,10.0,6.4,8.9,35106.99
2,2022-12-04,2022-12-04T03:39,2022-12-04T13:24,16.40,16.40,0.00,7.4,5.8,6.8,35046.14
2,2022-12-05,2022-12-05T03:40,2022-12-05T13:24,2.90,2.90,0.00,7.3,6.0,6.6,34988.62
2,2022-12-06,2022-12-06T03:41,2022-12-06T13:24,4.00,4.00,0.00,8.5,6.2,7.3,34934.57
2,2022-12-07,2022-12-07T03:42,2022-12-07T13:24,2.10,2.10,0.00,9.2,6.8,7.7,34884.10
2,2022-12-08,2022-12-08T03:43,2022-12-08T13:24,0.40,0.40,0.00,10.6,7.5,8.8,34837.35
2,2022-12-09,2022-12-09T03:44,2022-12-09T13:24,3.20,3.20,0.00,10.2,8.3,9.2,34794.34
2,2022-12-10,2022-12-10T03:44,2022-12-10T13:24,0.00,0.00,0.00,11.3,6.2,8.5,34754.52
2,2022-12-11,2022-12-11T03:45,2022-12-11T13:24,0.00,0.00,0.00,13.3,5.2,8.7,34717.85
2,2022-12-12,2022-12-12T03:46,2022-12-12T13:24,0.20,0.20,0.00,13.3,6.6,9.6,34684.33
2,2022-12-13,2022-12-13T03:47,2022-12-13T13:24,0.00,0.00,0.00,14.7,8.3,10.8,34654.01
2,2022-12-14,2022-12-14T03:47,2022-12-14T13:24,0.00,0.00,0.00,16.9,10.7,13.0,34626.93
2,2022-12-15,2022-12-15T03:48,2022-12-15T13:25,2.20,2.20,0.00,14.8,12.2,13.3,34603.10
2,2022-12-16,2022-12-16T03:49,2022-12-16T13:25,21.00,21.00,0.00,15.5,12.4,13.3,34582.57
2,2022-12-17,2022-12-17T03:49,2022-12-17T13:25,33.20,33.20,0.00,14.1,7.6,11.6,34565.35
2,2022-12-18,2022-12-18T03:50,2022-12-18T13:26,0.00,0.00,0.00,16.0,8.4,10.8,34551.47
2,2022-12-19,2022-12-19T03:50,2022-12-19T13:26,0.10,0.10,0.00,15.7,9.5,11.4,34540.96
2,2022-12-20,2022-12-20T03:51,2022-12-20T13:27,34.00,34.00,0.00,12.2,6.3,9.2,34533.85
2,2022-12-21,2022-12-21T03:52,2022-12-21T13:27,0.30,0.30,0.00,8.7,6.9,7.4,34530.15
2,2022-12-22,2022-12-22T03:52,2022-12-22T13:28,2.10,2.10,0.00,9.5,7.8,8.6,34529.89
2,2022-12-23,2022-12-23T03:53,2022-12-23T13:28,0.00,0.00,0.00,11.4,7.8,9.1,34533.08
2,2022-12-24,2022-12-24T03:53,2022-12-24T13:29,6.60,6.60,0.00,10.0,8.2,8.8,34539.75
2,2022-12-25,2022-12-25T03:53,2022-12-25T13:29,4.80,4.80,0.00,12.0,8.2,9.6,34549.90
2,2022-12-26,2022-12-26T03:54,2022-12-26T13:30,16.70,16.70,0.00,10.5,9.0,9.7,34563.55
2,2022-12-27,2022-12-27T03:54,2022-12-27T13:30,4.00,4.00,0.00,10.4,5.1,8.7,34580.72
2,2022-12-28,2022-12-28T03:54,2022-12-28T13:31,0.00,0.00,0.00,14.1,3.3,8.0,34601.42
2,2022-12-29,2022-12-29T03:55,2022-12-29T13:32,7.60,7.60,0.00,13.0,6.8,9.4,34625.71
2,2022-12-30,2022-12-30T03:55,2022-12-30T13:32,2.70,2.70,0.00,12.4,7.5,9.3,34653.83
2,2022-12-31,2022-12-31T03:55,2022-12-31T13:33,0.00,0.00,0.00,13.6,5.5,8.5,34685.77
2,2023-01-01,2023-01-01T03:55,2023-01-01T13:34,0.00,0.00,0.00,14.1,5.6,9.3,34721.40
2,2023-01-02,2023-01-02T03:55,2023-01-02T13:35,0.00,0.00,0.00,13.5,5.0,8.1,34760.66
2,2023-01-03,2023-01-03T03:56,2023-01-03T13:36,0.00,0.00,0.00,14.4,4.3,7.9,34803.43
2,2023-01-04,2023-01-04T03:56,2023-01-04T13:36,0.00,0.00,0.00,18.2,4.4,11.2,34849.61
2,2023-01-05,2023-01-05T03:56,2023-01-05T13:37,9.20,9.20,0.00,11.4,6.2,9.2,34899.12
2,2023-01-06,2023-01-06T03:56,2023-01-06T13:38,0.00,0.00,0.00,17.8,4.9,10.7,34951.84
2,2023-01-07,2023-01-07T03:56,2023-01-07T13:39,1.40,1.40,0.00,17.4,8.1,12.3,35007.68
2,2023-01-08,2023-01-08T03:56,2023-01-08T13:40,15.70,15.70,0.00,8.4,3.5,5.5,35066.54
2,2023-01-09,2023-01-09T03:56,2023-01-09T13:41,39.90,37.90,1.40,4.4,2.3,3.4,35128.32
2,2023-01-10,2023-01-10T03:55,2023-01-10T13:42,6.00,6.00,0.00,4.5,3.0,3.8,35192.91
2,2023-01-11,2023-01-11T03:55,2023-01-11T13:43,1.50,1.50,0.00,7.0,3.4,4.9,35260.23
2,2023-01-12,2023-01-12T03:55,2023-01-12T13:44,0.10,0.10,0.00,7.3,2.6,4.8,35330.15
2,2023-01-13,2023-01-13T03:55,2023-01-13T13:45,0.00,0.00,0.00,9.5,1.0,5.0,35402.60
2,2023-01-14,2023-01-14T03:55,2023-01-14T13:46,0.00,0.00,0.00,10.1,1.6,4.5,35477.46
2,2023-01-15,2023-01-15T03:54,2023-01-15T13:47,3.40,3.40,0.00,6.8,2.4,4.0,35554.66
2,2023-01-16,2023-01-16T03:54,2023-01-16T13:48,0.00,0.00,0.00,10.8,1.7,4.8,35634.07
2,2023-01-17,2023-01-17T03:54,2023-01-17T13:49,0.00,0.00,0.00,11.7,1.6,6.5,35715.61
2,2023-01-18,2023-01-18T03:53,2023-01-18T13:50,0.00,0.00,0.00,12.5,4.8,7.7,35799.36
2,2023-01-19,2023-01-19T03:53,2023-01-19T13:51,0.50,0.50,0.00,11.5,5.4,8.1,35886.23
2,2023-01-20,2023-01-20T03:52,2023-01-20T13:52,0.10,0.10,0.00,12.5,5.1,7.6,35976.23
2,2023-01-21,2023-01-21T03:52,2023-01-21T13:53,1.30,1.30,0.00,11.5,5.6,7.9,36069.21
2,2023-01-22,2023-01-22T03:51,2023-01-22T13:54,2.00,2.00,0.00,8.8,6.1,7.3,36165.00
2,2023-01-23,2023-01-23T03:51,2023-01-23T13:55,4.00,4.00,0.00,7.7,5.2,6.2,36263.44
2,2023-01-24,2023-01-24T03:50,2023-01-24T13:56,10.50,10.50,0.00,6.1,4.3,5.4,36364.38
2,2023-01-25,2023-01-25T03:50,2023-01-25T13:57,2.00,2.00,0.00,5.9,3.4,4.7,36467.65
2,2023-01-26,2023-01-26T03:49,2023-01-26T13:58,2.50,2.50,0.00,6.6,4.4,5.5,36573.12
2,2023-01-27,2023-01-27T03:48,2023-01-27T13:59,0.00,0.00,0.00,9.5,2.3,5.6,36680.61
2,2023-01-28,2023-01-28T03:48,2023-01-28T14:01,0.00,0.00,0.00,13.1,2.1,6.1,36790.00
2,2023-01-29,2023-01-29T03:47,2023-01-29T14:02,0.50,0.50,0.00,12.3,6.0,7.9,36901.13
2,2023-01-30,2023-01-30T03:46,2023-01-30T14:03,6.30,6.30,0.00,11.5,6.7,8.4,37013.86
2,2023-01-31,2023-01-31T03:45,2023-01-31T14:04,23.00,23.00,0.00,10.0,6.6,7.9,37128.05
2,2023-02-01,2023-02-01T03:45,2023-02-01T14:05,0.10,0.10,0.00,13.5,5.7,8.5,37243.55
2,2023-02-02,2023-02-02T03:44,2023-02-02T14:06,0.00,0.00,0.00,18.3,6.4,11.3,37360.25
2,2023-02-03,2023-02-03T03:43,2023-02-03T14:07,0.20,0.20,0.00,12.9,6.7,9.4,37477.99
2,2023-02-04,2023-02-04T03:42,2023-02-04T14:08,0.00,0.00,0.00,14.8,3.3,8.1,37596.65
2,2023-02-05,2023-02-05T03:41,2023-02-05T14:09,0.00,0.00,0.00,12.5,2.9,7.8,37716.09
2,2023-02-06,2023-02-06T03:40,2023-02-06T14:11,0.00,0.00,0.00,14.2,7.5,9.7,37836.21
2,2023-02-07,2023-02-07T03:39,2023-02-07T14:12,0.60,0.60,0.00,13.9,8.5,10.5,37957.08
2,2023-02-08,2023-02-08T03:38,2023-02-08T14:13,40.90,40.90,0.00,8.9,3.6,6.4,38079.88
2,2023-02-09,2023-02-09T03:37,2023-02-09T14:14,45.40,44.20,0.84,5.0,2.0,3.3,38204.64
2,2023-02-10,2023-02-10T03:36,2023-02-10T14:15,17.40,16.00,0.98,4.0,0.5,2.4,38331.24
2,2023-02-11,2023-02-11T03:35,2023-02-11T14:16,0.50,0.50,0.00,6.8,-0.8,2.9,38459.54
2,2023-02-12,2023-02-12T03:34,2023-02-12T14:17,2.90,2.90,0.00,5.3,1.2,3.0,38589.38
2,2023-02-13,2023-02-13T03:33,2023-02-13T14:18,3.70,3.70,0.00,11.7,1.4,5.7,38720.62
2,2023-02-14,2023-02-14T03:32,2023-02-14T14:19,5.40,5.40,0.00,7.0,0.7,3.8,38853.14
2,2023-02-15,2023-02-15T03:31,2023-02-15T14:20,1.10,1.10,0.00,11.4,0.5,5.6,38986.79
2,2023-02-16,2023-02-16T03:30,2023-02-16T14:21,25.30,25.30,0.00,8.1,3.1,5.4,39121.45
2,2023-02-17,2023-02-17T03:28,2023-02-17T14:22,0.00,0.00,0.00,11.7,1.1,5.4,39256.98
2,2023-02-18,2023-02-18T03:27,2023-02-18T14:23,0.00,0.00,0.00,11.9,-0.7,5.2,39393.26
2,2023-02-19,2023-02-19T03:26,2023-02-19T14:24,0.00,0.00,0.00,19.1,2.6,9.4,39530.16
2,2023-02-20,2023-02-20T03:25,2023-02-20T14:25,0.00,0.00,0.00,20.3,4.0,14.1,39667.55
2,2023-02-21,2023-02-21T03:23,2023-02-21T14:26,0.00,0.00,0.00,16.2,6.8,11.4,39805.34
2,2023-02-22,2023-02-22T03:22,2023-02-22T14:27,0.00,0.00,0.00,18.0,6.9,10.9,39943.37
2,2023-02-23,2023-02-23T03:21,2023-02-23T14:29,2.10,2.10,0.00,12.8,7.1,9.5,40081.55
2,2023-02-24,2023-02-24T03:20,2023-02-24T14:30,24.30,24.30,0.00,7.8,3.3,4.7,40219.75
2,2023-02-25,2023-02-25T03:18,2023-02-25T14:31,0.00,0.00,0.00,12.2,2.4,6.3,40357.86
2,2023-02-26,2023-02-26T03:17,2023-02-26T14:32,0.00,0.00,0.00,15.8,5.2,9.3,40495.77
2,2023-02-27,2023-02-27T03:16,2023-02-27T14:33,0.00,0.00,0.00,17.5,5.5,10.2,40633.57
2,2023-02-28,2023-02-28T03:14,2023-02-28T14:34,0.00,0.00,0.00,17.9,7.9,10.8,40772.38
2,2023-03-01,2023-03-01T03:13,2023-03-01T14:35,0.00,0.00,0.00,18.6,6.3,11.1,40912.30
2,2023-03-02,2023-03-02T03:12,2023-03-02T14:36,0.10,0.10,0.00,13.0,7.4,10.0,41053.21
2,2023-03-03,2023-03-03T03:10,2023-03-03T14:36,0.60,0.60,0.00,15.7,8.5,10.6,41195.00
2,2023-03-04,2023-03-04T03:09,2023-03-04T14:37,0.30,0.30,0.00,25.4,7.3,12.6,41337.57
2,2023-03-05,2023-03-05T03:07,2023-03-05T14:38,0.00,0.00,0.00,20.8,7.7,13.1,41480.82
2,2023-03-06,2023-03-06T03:06,2023-03-06T14:39,0.00,0.00,0.00,29.2,10.0,21.3,41624.63
2,2023-03-07,2023-03-07T03:05,2023-03-07T14:40,8.00,8.00,0.00,13.3,7.6,9.7,41768.91
2,2023-03-08,2023-03-08T03:03,2023-03-08T14:41,7.90,7.90,0.00,12.8,7.9,10.2,41913.55
2,2023-03-09,2023-03-09T03:02,2023-03-09T14:42,19.70,19.70,0.00,13.4,8.2,10.4,42058.46
2,2023-03-10,2023-03-10T03:00,2023-03-10T14:43,0.00,0.00,0.00,19.5,8.9,13.2,42203.52
2,2023-03-11,2023-03-11T02:59,2023-03-11T14:44,0.00,0.00,0.00,22.8,8.9,14.4,42348.64
2,2023-03-12,2023-03-12T02:57,2023-03-12T14:45,0.00,0.00,0.00,27.2,9.0,16.3,42493.74
2,2023-03-13,2023-03-13T02:56,2023-03-13T14:46,0.00,0.00,0.00,25.5,11.4,16.4,42638.70
2,2023-03-14,2023-03-14T02:54,2023-03-14T14:47,0.30,0.30,0.00,13.0,9.4,11.1,42783.42
2,2023-03-15,2023-03-15T02:53,2023-03-15T14:48,0.00,0.00,0.00,13.8,9.3,11.2,42927.81
2,2023-03-16,2023-03-16T02:51,2023-03-16T14:49,4.30,4.30,0.00,15.6,8.5,11.6,43071.77
2,2023-03-17,2023-03-17T02:50,2023-03-17T14:50,0.10,0.10,0.00,16.9,9.3,12.9,43215.20
2,2023-03-18,2023-03-18T02:48,2023-03-18T14:51,0.90,0.90,0.00,18.5,10.1,13.0,43358.01
2,2023-03-19,2023-03-19T02:47,2023-03-19T14:52,3.20,3.20,0.00,15.2,11.4,12.9,43500.28
2,2023-03-20,2023-03-20T02:45,2023-03-20T14:52,8.70,8.70,0.00,16.3,10.7,12.5,43643.03
2,2023-03-21,2023-03-21T02:44,2023-03-21T14:53,10.60,10.60,0.00,12.8,10.3,11.6,43786.37
2,2023-03-22,2023-03-22T02:42,2023-03-22T14:54,9.50,9.50,0.00,13.2,9.8,10.7,43930.20
2,2023-03-23,2023-03-23T02:41,2023-03-23T14:55,0.00,0.00,0.00,19.8,8.6,13.5,44074.43
2,2023-03-24,2023-03-24T02:39,2023-03-24T14:56,0.00,0.00,0.00,20.4,7.7,13.5,44218.98
2,2023-03-25,2023-03-25T02:38,2023-03-25T14:57,0.00,0.00,0.00,18.2,9.0,13.3,44363.75
2,2023-03-26,2023-03-26T02:36,2023-03-26T14:58,0.00,0.00,0.00,20.5,10.6,15.0,44508.65
2,2023-03-27,2023-03-27T02:35,2023-03-27T14:59,8.00,8.00,0.00,18.8,10.9,14.3,44653.60
2,2023-03-28,2023-03-28T02:33,2023-03-28T15:00,0.80,0.80,0.00,20.0,10.6,14.4,44798.50
2,2023-03-29,2023-03-29T02:32,2023-03-29T15:01,0.00,0.00,0.00,28.7,11.4,20.0,44943.25
2,2023-03-30,2023-03-30T02:30,2023-03-30T15:01,2.00,2.00,0.00,30.0,9.8,19.1,45087.78
2,2023-03-31,2023-03-31T02:29,2023-03-31T15:02,13.20,13.20,0.00,9.9,6.6,8.1,45231.98
2,2023-04-01,2023-04-01T02:27,2023-04-01T15:03,18.50,18.50,0.00,9.9,5.1,7.5,45375.76
2,2023-04-02,2023-04-02T02:26,2023-04-02T15:04,0.60,0.60,0.00,14.5,4.9,9.6,45519.02
2,2023-04-03,2023-04-03T02:24,2023-04-03T15:05,0.00,0.00,0.00,18.3,6.2,11.8,45661.68
2,2023-04-04,2023-04-04T02:23,2023-04-04T15:06,0.00,0.00,0.00,20.5,8.0,13.7,45803.64
2,2023-04-05,2023-04-05T02:21,2023-04-05T15:07,0.00,0.00,0.00,22.0,10.1,15.3,45944.78
2,2023-04-06,2023-04-06T02:20,2023-04-06T15:08,0.00,0.00,0.00,18.6,7.3,13.4,46085.02
2,2023-04-07,2023-04-07T02:19,2023-04-07T15:09,0.00,0.00,0.00,19.1,7.9,13.1,46224.26
2,2023-04-08,2023-04-08T02:17,2023-04-08T15:10,0.00,0.00,0.00,24.7,10.1,15.5,46362.57
2,2023-04-09,2023-04-09T02:16,2023-04-09T15:10,0.00,0.00,0.00,18.9,8.8,13.6,46500.93
2,2023-04-10,2023-04-10T02:14,2023-04-10T15:11,0.00,0.00,0.00,19.9,10.0,14.2,46639.41
2,2023-04-11,2023-04-11T02:13,2023-04-11T15:12,0.00,0.00,0.00,21.2,12.1,15.7,46777.95
2,2023-04-12,2023-04-12T02:11,2023-04-12T15:13,0.20,0.20,0.00,31.1,12.6,22.1,46916.45
2,2023-04-13,2023-04-13T02:10,2023-04-13T15:14,2.80,2.80,0.00,28.0,14.8,22.0,47054.80
2,2023-04-14,2023-04-14T02:09,2023-04-14T15:15,0.00,0.00,0.00,22.7,11.8,16.8,47192.93
2,2023-04-15,2023-04-15T02:07,2023-04-15T15:16,0.00,0.00,0.00,23.5,11.5,17.4,47330.73
2,2023-04-16,2023-04-16T02:06,2023-04-16T15:17,4.00,4.00,0.00,14.9,9.9,12.6,47468.11
2,2023-04-17,2023-04-17T02:04,2023-04-17T15:18,3.20,3.20,0.00,14.0,10.3,11.6,47604.96
2,2023-04-18,2023-04-18T02:03,2023-04-18T15:18,0.00,0.00,0.00,17.9,9.7,13.3,47741.19
2,2023-04-19,2023-04-19T02:02,2023-04-19T15:19,0.00,0.00,0.00,21.0,9.5,15.0,47876.69
2,2023-04-20,2023-04-20T02:00,2023-04-20T15:20,0.00,0.00,0.00,25.6,12.0,17.5,48011.36
2,2023-04-21,2023-04-21T01:59,2023-04-21T15:21,0.00,0.00,0.00,31.1,13.7,19.8,48145.11
2,2023-04-22,2023-04-22T01:58,2023-04-22T15:22,0.00,0.00,0.00,21.3,12.1,16.4,48277.80
2,2023-04-23,2023-04-23T01:56,2023-04-23T15:23,0.00,0.00,0.00,24.3,12.3,17.4,48409.33
2,2023-04-24,2023-04-24T01:55,2023-04-24T15:24,0.50,0.50,0.00,22.8,12.4,17.2,48539.61
2,2023-04-25,2023-04-25T01:54,2023-04-25T15:25,3.20,3.20,0.00,21.8,14.3,17.6,48668.50
2,2023-04-26,2023-04-26T01:53,2023-04-26T15:26,4.60,4.60,0.00,22.4,14.4,17.6,48795.88
2,2023-04-27,2023-04-27T01:52,2023-04-27T15:27,0.00,0.00,0.00,24.5,14.1,18.5,48921.65
2,2023-04-28,2023-04-28T01:50,2023-04-28T15:27,0.00,0.00,0.00,25.3,16.2,19.6,49045.85
2,2023-04-29,2023-04-29T01:49,2023-04-29T15:28,0.00,0.00,0.00,26.8,15.0,20.2,49169.43
2,2023-04-30,2023-04-30T01:48,2023-04-30T15:29,1.50,1.50,0.00,28.4,16.4,21.2,49292.43
2,2023-05-01,2023-05-01T01:47,2023-05-01T15:30,1.40,1.40,0.00,20.7,15.5,18.0,49414.79
2,2023-05-02,2023-05-02T01:46,2023-05-02T15:31,6.40,6.40,0.00,20.1,14.2,16.3,49536.39
2,2023-05-03,2023-05-03T01:45,2023-05-03T15:32,25.20,25.20,0.00,16.0,12.8,14.3,49657.14
2,2023-05-04,2023-05-04T01:44,2023-05-04T15:33,33.70,33.70,0.00,17.8,10.7,13.5,49776.91
2,2023-05-05,2023-05-05T01:42,2023-05-05T15:34,0.00,0.00,0.00,24.5,9.4,16.6,49895.62
2,2023-05-06,2023-05-06T01:41,2023-05-06T15:35,0.00,0.00,0.00,22.5,12.7,17.0,50013.15
2,2023-05-07,2023-05-07T01:40,2023-05-07T15:36,0.30,0.30,0.00,25.6,13.8,18.8,50129.39
2,2023-05-08,2023-05-08T01:39,2023-05-08T15:36,0.30,0.30,0.00,21.0,14.0,17.8,50244.24
2,2023-05-09,2023-05-09T01:38,2023-05-09T15:37,3.20,3.20,0.00,23.7,14.8,18.6,50357.57
2,2023-05-10,2023-05-10T01:37,2023-05-10T15:38,5.90,5.90,0.00,20.1,15.7,17.5,50469.26
2,2023-05-11,2023-05-11T01:36,2023-05-11T15:39,0.00,0.00,0.00,25.5,15.7,19.2,50579.20
2,2023-05-12,2023-05-12T01:35,2023-05-12T15:40,2.20,2.20,0.00,20.7,16.2,18.3,50687.27
2,2023-05-13,2023-05-13T01:35,2023-05-13T15:41,4.10,4.10,0.00,20.3,15.0,17.1,50793.34
2,2023-05-14,2023-05-14T01:34,2023-05-14T15:42,9.90,9.90,0.00,16.1,13.1,14.7,50897.28
2,2023-05-15,2023-05-15T01:33,2023-05-15T15:43,25.70,25.70,0.00,14.1,10.4,12.8,50998.98
2,2023-05-16,2023-05-16T01:32,2023-05-16T15:43,0.00,0.00,0.00,22.3,10.5,15.9,51098.29
2,2023-05-17,2023-05-17T01:31,2023-05-17T15:44,2.30,2.30,0.00,26.2,10.1,18.0,51195.10
2,2023-05-18,2023-05-18T01:30,2023-05-18T15:45,0.00,0.00,0.00,23.9,15.0,18.4,51289.41
2,2023-05-19,2023-05-19T01:30,2023-05-19T15:46,0.70,0.70,0.00,25.3,15.2,19.7,51382.00
2,2023-05-20,2023-05-20T01:29,2023-05-20T15:47,0.60,0.60,0.00,23.7,16.0,19.5,51472.92
2,2023-05-21,2023-05-21T01:28,2023-05-21T15:48,0.10,0.10,0.00,23.6,15.3,19.3,51562.10
2,2023-05-22,2023-05-22T01:28,2023-05-22T15:48,0.00,0.00,0.00,25.8,16.6,21.2,51649.42
2,2023-05-23,2023-05-23T01:27,2023-05-23T15:49,0.00,0.00,0.00,28.4,18.2,23.1,51734.82
2,2023-05-24,2023-05-24T01:26,2023-05-24T15:50,0.00,0.00,0.00,30.1,19.1,23.8,51818.18
2,2023-05-25,2023-05-25T01:26,2023-05-25T15:51,0.00,0.00,0.00,28.6,19.8,24.1,51899.43
2,2023-05-26,2023-05-26T01:25,2023-05-26T15:51,4.60,4.60,0.00,27.9,19.9,24.0,51978.45
2,2023-05-27,2023-05-27T01:25,2023-05-27T15:52,0.00,0.00,0.00,30.7,18.8,24.0,52055.16
2,2023-05-28,2023-05-28T01:24,2023-05-28T15:53,0.00,0.00,0.00,28.4,19.1,23.6,52129.48
2,2023-05-29,2023-05-29T01:24,2023-05-29T15:54,0.00,0.00,0.00,30.4,20.5,24.8,52201.28
2,2023-05-30,2023-05-30T01:23,2023-05-30T15:54,0.00,0.00,0.00,31.5,21.3,25.8,52270.48
2,2023-05-31,2023-05-31T01:23,2023-05-31T15:55,10.60,10.60,0.00,29.9,20.2,24.5,52336.98
2,2023-06-01,2023-06-01T01:23,2023-06-01T15:56,0.20,0.20,0.00,27.0,19.4,22.9,52400.68
2,2023-06-02,2023-06-02T01:22,2023-06-02T15:56,0.00,0.00,0.00,28.8,19.9,23.7,52461.48
2,2023-06-03,2023-06-03T01:22,2023-06-03T15:57,0.00,0.00,0.00,31.6,20.2,24.8,52519.29
2,2023-06-04,2023-06-04T01:22,2023-06-04T15:58,0.00,0.00,0.00,31.4,20.3,25.6,52574.00
2,2023-06-05,2023-06-05T01:21,2023-06-05T15:58,0.00,0.00,0.00,28.8,21.0,24.5,52625.52
2,2023-06-06,2023-06-06T01:21,2023-06-06T15:59,0.90,0.90,0.00,27.0,21.3,23.7,52673.75
2,2023-06-07,2023-06-07T01:21,2023-06-07T15:59,15.20,15.20,0.00,23.7,18.2,20.9,52718.65
2,2023-06-08,2023-06-08T01:21,2023-06-08T16:00,15.80,15.80,0.00,22.0,17.5,19.2,52760.63
2,2023-06-09,2023-06-09T01:21,2023-06-09T16:00,0.00,0.00,0.00,26.6,16.6,21.7,52799.73
2,2023-06-10,2023-06-10T01:20,2023-06-10T16:01,0.00,0.00,0.00,28.6,18.0,23.2,52835.89
2,2023-06-11,2023-06-11T01:20,2023-06-11T16:01,0.70,0.70,0.00,29.2,19.8,23.7,52869.12
2,2023-06-12,2023-06-12T01:20,2023-06-12T16:02,0.00,0.00,0.00,32.4,20.2,26.4,52899.38
2,2023-06-13,2023-06-13T01:20,2023-06-13T16:02,0.00,0.00,0.00,32.1,21.3,26.3,52926.64
2,2023-06-14,2023-06-14T01:20,2023-06-14T16:03,3.60,3.60,0.00,31.7,21.6,25.8,52950.87
2,2023-06-15,2023-06-15T01:20,2023-06-15T16:03,0.00,0.00,0.00,30.9,21.8,25.8,52972.06
2,2023-06-16,2023-06-16T01:20,2023-06-16T16:04,2.40,2.40,0.00,28.7,20.7,24.5,52990.18
2,2023-06-17,2023-06-17T01:21,2023-06-17T16:04,0.00,0.00,0.00,31.6,20.8,25.6,53005.21
2,2023-06-18,2023-06-18T01:21,2023-06-18T16:04,0.10,0.10,0.00,34.4,19.8,27.0,53017.14
2,2023-06-19,2023-06-19T01:21,2023-06-19T16:05,0.40,0.40,0.00,28.7,22.9,25.4,53025.93
2,2023-06-20,2023-06-20T01:21,2023-06-20T16:05,2.60,2.60,0.00,29.2,20.5,24.7,53031.58
2,2023-06-21,2023-06-21T01:21,2023-06-21T16:05,3.50,3.50,0.00,24.7,18.3,21.5,53034.07
2,2023-06-22,2023-06-22T01:21,2023-06-22T16:05,0.00,0.00,0.00,27.5,19.1,22.9,53033.39
2,2023-06-23,2023-06-23T01:22,2023-06-23T16:06,0.70,0.70,0.00,26.0,20.3,22.2,53029.52
2,2023-06-24,2023-06-24T01:22,2023-06-24T16:06,1.30,1.30,0.00,25.6,19.4,22.3,53022.45
2,2023-06-25,2023-06-25T01:22,2023-06-25T16:06,0.00,0.00,0.00,29.7,18.4,24.2,53012.18
2,2023-06-26,2023-06-26T01:23,2023-06-26T16:06,0.00,0.00,0.00,31.7,17.8,25.5,52998.68
2,2023-06-27,2023-06-27T01:23,2023-06-27T16:06,0.00,0.00,0.00,31.7,20.8,25.7,52981.93
2,2023-06-28,2023-06-28T01:23,2023-06-28T16:06,0.20,0.20,0.00,30.9,20.7,25.6,52961.74
2,2023-06-29,2023-06-29T01:24,2023-06-29T16:06,0.00,0.00,0.00,30.7,20.5,25.5,52938.13
2,2023-06-30,2023-06-30T01:24,2023-06-30T16:06,0.00,0.00,0.00,31.8,21.2,26.0,52911.18
2,2023-07-01,2023-07-01T01:24,2023-07-01T16:06,6.20,6.20,0.00,24.9,21.1,22.7,52880.95
2,2023-07-02,2023-07-02T01:25,2023-07-02T16:06,1.60,1.60,0.00,25.7,20.6,23.0,52847.51
2,2023-07-03,2023-07-03T01:25,2023-07-03T16:06,0.00,0.00,0.00,29.9,20.8,25.1,52810.93
2,2023-07-04,2023-07-04T01:26,2023-07-04T16:06,0.00,0.00,0.00,31.0,21.7,26.1,52771.29
2,2023-07-05,2023-07-05T01:26,2023-07-05T16:05,0.00,0.00,0.00,30.5,22.3,26.2,52728.64
2,2023-07-06,2023-07-06T01:27,2023-07-06T16:05,0.00,0.00,0.00,31.0,22.4,26.3,52683.07
2,2023-07-07,2023-07-07T01:28,2023-07-07T16:05,0.00,0.00,0.00,33.7,21.5,27.4,52634.65
2,2023-07-08,2023-07-08T01:28,2023-07-08T16:05,0.00,0.00,0.00,34.6,22.4,28.0,52583.45
2,2023-07-09,2023-07-09T01:29,2023-07-09T16:04,0.00,0.00,0.00,33.8,23.4,28.2,52529.54
2,2023-07-10,2023-07-10T01:29,2023-07-10T16:04,0.00,0.00,0.00,34.3,22.6,28.5,52473.00
2,2023-07-11,2023-07-11T01:30,2023-07-11T16:04,2.20,2.20,0.00,30.4,23.6,27.1,52413.91
2,2023-07-12,2023-07-12T01:31,2023-07-12T16:03,5.10,5.10,0.00,25.7,22.1,23.4,52352.32
2,2023-07-13,2023-07-13T01:31,2023-07-13T16:03,0.50,0.50,0.00,28.2,22.2,24.8,52288.34
2,2023-07-14,2023-07-14T01:32,2023-07-14T16:03,2.00,2.00,0.00,28.3,22.4,25.0,52222.01
2,2023-07-15,2023-07-15T01:33,2023-07-15T16:02,0.00,0.00,0.00,31.0,22.7,26.4,52153.42
2,2023-07-16,2023-07-16T01:33,2023-07-16T16:02,2.70,2.70,0.00,29.4,22.6,25.7,52082.64
2,2023-07-17,2023-07-17T01:34,2023-07-17T16:01,5.00,5.00,0.00,23.9,20.3,22.3,52009.62
2,2023-07-18,2023-07-18T01:35,2023-07-18T16:00,1.40,1.40,0.00,22.8,19.1,21.0,51933.71
2,2023-07-19,2023-07-19T01:35,2023-07-19T16:00,0.00,0.00,0.00,26.4,19.1,23.2,51854.89
2,2023-07-20,2023-07-20T01:36,2023-07-20T15:59,0.00,0.00,0.00,29.2,21.4,24.8,51773.31
2,2023-07-21,2023-07-21T01:37,2023-07-21T15:59,0.80,0.80,0.00,31.4,22.9,26.6,51689.08
2,2023-07-22,2023-07-22T01:38,2023-07-22T15:58,0.00,0.00,0.00,32.5,22.3,27.1,51602.32
2,2023-07-23,2023-07-23T01:38,2023-07-23T15:57,0.00,0.00,0.00,31.7,23.5,27.1,51513.15
2,2023-07-24,2023-07-24T01:39,2023-07-24T15:56,0.00,0.00,0.00,31.8,22.8,27.4,51421.71
2,2023-07-25,2023-07-25T01:40,2023-07-25T15:56,2.20,2.20,0.00,29.9,22.4,26.4,51328.09
2,2023-07-26,2023-07-26T01:41,2023-07-26T15:55,1.90,1.90,0.00,28.9,22.0,25.3,51232.43
2,2023-07-27,2023-07-27T01:42,2023-07-27T15:54,0.00,0.00,0.00,32.5,22.0,26.7,51134.83
2,2023-07-28,2023-07-28T01:42,2023-07-28T15:53,0.00,0.00,0.00,35.0,21.8,28.0,51035.41
2,2023-07-29,2023-07-29T01:43,2023-07-29T15:52,2.50,2.50,0.00,29.3,23.9,26.0,50934.28
2,2023-07-30,2023-07-30T01:44,2023-07-30T15:52,5.40,5.40,0.00,26.1,21.9,24.1,50831.55
2,2023-07-31,2023-07-31T01:45,2023-07-31T15:51,2.00,2.00,0.00,28.2,22.4,24.7,50727.34
2,2023-08-01,2023-08-01T01:46,2023-08-01T15:50,0.00,0.00,0.00,30.6,23.6,26.8,50621.73
2,2023-08-02,2023-08-02T01:47,2023-08-02T15:49,0.00,0.00,0.00,33.3,22.3,27.5,50514.85
2,2023-08-03,2023-08-03T01:47,2023-08-03T15:48,0.00,0.00,0.00,32.6,24.5,28.0,50406.80
2,2023-08-04,2023-08-04T01:48,2023-08-04T15:47,0.00,0.00,0.00,31.8,24.0,27.6,50297.67
2,2023-08-05,2023-08-05T01:49,2023-08-05T15:46,0.00,0.00,0.00,33.8,24.4,28.2,50187.57
2,2023-08-06,2023-08-06T01:50,2023-08-06T15:45,0.00,0.00,0.00,33.2,23.0,28.0,50076.43
2,2023-08-07,2023-08-07T01:51,2023-08-07T15:44,0.00,0.00,0.00,35.4,22.8,29.1,49963.36
2,2023-08-08,2023-08-08T01:52,2023-08-08T15:43,0.00,0.00,0.00,34.2,24.8,29.2,49848.34
2,2023-08-09,2023-08-09T01:52,2023-08-09T15:42,0.00,0.00,0.00,36.7,24.6,30.1,49731.50
2,2023-08-10,2023-08-10T01:53,2023-08-10T15:40,0.00,0.00,0.00,37.3,24.1,30.3,49612.94
2,2023-08-11,2023-08-11T01:54,2023-08-11T15:39,0.00,0.00,0.00,37.3,23.4,30.1,49492.79
2,2023-08-12,2023-08-12T01:55,2023-08-12T15:38,0.00,0.00,0.00,36.5,23.8,29.8,49371.18
2,2023-08-13,2023-08-13T01:56,2023-08-13T15:37,0.00,0.00,0.00,35.4,23.9,29.3,49248.20
2,2023-08-14,2023-08-14T01:57,2023-08-14T15:36,0.00,0.00,0.00,34.9,24.0,29.2,49123.98
2,2023-08-15,2023-08-15T01:57,2023-08-15T15:34,0.00,0.00,0.00,36.1,23.3,29.2,48998.64
2,2023-08-16,2023-08-16T01:58,2023-08-16T15:33,0.00,0.00,0.00,34.4,20.4,27.6,48872.27
2,2023-08-17,2023-08-17T01:59,2023-08-17T15:32,0.00,0.00,0.00,34.0,20.2,27.0,48744.98
2,2023-08-18,2023-08-18T02:00,2023-08-18T15:31,0.00,0.00,0.00,33.3,20.9,27.1,48616.88
2,2023-08-19,2023-08-19T02:01,2023-08-19T15:29,0.00,0.00,0.00,32.1,23.0,27.4,48488.08
2,2023-08-20,2023-08-20T02:02,2023-08-20T15:28,1.40,1.40,0.00,30.8,24.0,27.1,48358.67
2,2023-08-21,2023-08-21T02:03,2023-08-21T15:27,0.00,0.00,0.00,34.6,23.4,28.4,48228.75
2,2023-08-22,2023-08-22T02:03,2023-08-22T15:25,0.00,0.00,0.00,35.2,23.0,28.7,48098.41
2,2023-08-23,2023-08-23T02:04,2023-08-23T15:24,0.00,0.00,0.00,36.7,25.1,29.8,47967.77
2,2023-08-24,2023-08-24T02:05,2023-08-24T15:23,0.10,0.10,0.00,35.4,24.2,29.4,47836.89
2,2023-08-25,2023-08-25T02:06,2023-08-25T15:21,10.30,10.30,0.00,29.8,22.6,26.1,47705.89
2,2023-08-26,2023-08-26T02:07,2023-08-26T15:20,10.60,10.60,0.00,23.3,20.9,22.2,47574.68
2,2023-08-27,2023-08-27T02:08,2023-08-27T15:19,1.70,1.70,0.00,26.0,20.8,23.0,47442.34
2,2023-08-28,2023-08-28T02:08,2023-08-28T15:17,0.00,0.00,0.00,30.9,20.6,24.9,47308.80
2,2023-08-29,2023-08-29T02:09,2023-08-29T15:16,3.10,3.10,0.00,29.7,21.4,25.3,47174.17
2,2023-08-30,2023-08-30T02:10,2023-08-30T15:14,21.10,21.10,0.00,23.2,20.9,22.0,47038.55
2,2023-08-31,2023-08-31T02:11,2023-08-31T15:13,0.00,0.00,0.00,29.0,20.9,24.1,46902.03
2,2023-09-01,2023-09-01T02:12,2023-09-01T15:11,0.00,0.00,0.00,30.9,20.7,25.7,46764.71
2,2023-09-02,2023-09-02T02:12,2023-09-02T15:10,0.00,0.00,0.00,32.0,21.1,26.3,46626.70
2,2023-09-03,2023-09-03T02:13,2023-09-03T15:08,0.00,0.00,0.00,29.8,23.3,26.0,46488.07
2,2023-09-04,2023-09-04T02:14,2023-09-04T15:07,0.00,0.00,0.00,31.1,23.0,26.0,46348.93
2,2023-09-05,2023-09-05T02:15,2023-09-05T15:05,0.00,0.00,0.00,32.3,23.0,26.9,46209.36
2,2023-09-06,2023-09-06T02:16,2023-09-06T15:04,0.00,0.00,0.00,33.1,22.0,27.4,46069.45
2,2023-09-07,2023-09-07T02:17,2023-09-07T15:02,6.80,6.80,0.00,28.4,22.9,25.4,45929.30
2,2023-09-08,2023-09-08T02:17,2023-09-08T15:01,5.40,5.40,0.00,25.0,22.3,23.7,45788.99
2,2023-09-09,2023-09-09T02:18,2023-09-09T14:59,2.00,2.00,0.00,27.1,21.1,23.3,45648.61
2,2023-09-10,2023-09-10T02:19,2023-09-10T14:58,13.70,13.70,0.00,24.6,18.3,21.4,45508.23
2,2023-09-11,2023-09-11T02:20,2023-09-11T14:56,0.90,0.90,0.00,24.1,18.7,20.6,45367.95
2,2023-09-12,2023-09-12T02:21,2023-09-12T14:55,0.00,0.00,0.00,24.7,18.8,21.5,45227.85
2,2023-09-13,2023-09-13T02:21,2023-09-13T14:53,3.20,3.20,0.00,23.9,19.4,21.2,45088.02
2,2023-09-14,2023-09-14T02:22,2023-09-14T14:52,19.40,19.40,0.00,20.2,17.2,18.7,44948.52
2,2023-09-15,2023-09-15T02:23,2023-09-15T14:50,3.50,3.50,0.00,22.3,17.8,19.8,44809.29
2,2023-09-16,2023-09-16T02:24,2023-09-16T14:49,0.00,0.00,0.00,26.4,16.8,21.5,44669.38
2,2023-09-17,2023-09-17T02:25,2023-09-17T14:47,3.90,3.90,0.00,27.1,18.5,22.3,44528.70
2,2023-09-18,2023-09-18T02:26,2023-09-18T14:46,30.90,30.90,0.00,20.4,17.5,18.8,44387.37
2,2023-09-19,2023-09-19T02:26,2023-09-19T14:44,35.40,35.40,0.00,18.0,16.0,16.9,44245.46
2,2023-09-20,2023-09-20T02:27,2023-09-20T14:43,0.60,0.60,0.00,21.9,17.2,19.2,44103.06
2,2023-09-21,2023-09-21T02:28,2023-09-21T14:41,3.10,3.10,0.00,24.5,19.0,21.0,43960.27
2,2023-09-22,2023-09-22T02:29,2023-09-22T14:40,0.20,0.20,0.00,26.4,18.4,22.1,43817.17
2,2023-09-23,2023-09-23T02:30,2023-09-23T14:38,0.00,0.00,0.00,25.8,18.5,21.8,43673.84
